model,category,image,expected,onnx,same_verdict,abs_diff
patchcore,metal_nut,bent/000.png,0.98336,0.9825806021690369,True,0.0007793978309631466
patchcore,metal_nut,bent/003.png,1.0,1.0,True,0.0
patchcore,metal_nut,bent/004.png,0.992018,0.9911506175994873,True,0.0008673824005126507
patchcore,metal_nut,bent/007.png,0.471009,0.47130927443504333,True,0.00030027443504332396
patchcore,metal_nut,bent/008.png,0.941909,0.9421128034591675,True,0.0002038034591674842
patchcore,metal_nut,bent/010.png,1.0,1.0,True,0.0
patchcore,metal_nut,bent/013.png,0.919424,0.9188086986541748,True,0.0006153013458252143
patchcore,metal_nut,bent/017.png,1.0,1.0,True,0.0
patchcore,metal_nut,bent/018.png,0.905078,0.9054351449012756,True,0.0003571449012755856
patchcore,metal_nut,bent/020.png,1.0,1.0,True,0.0
patchcore,metal_nut,bent/024.png,1.0,1.0,True,0.0
patchcore,metal_nut,color/003.png,1.0,1.0,True,0.0
patchcore,metal_nut,color/004.png,0.374653,0.37473782896995544,True,8.482896995543054e-05
patchcore,metal_nut,color/006.png,0.975997,0.9755914211273193,True,0.0004055788726806675
patchcore,metal_nut,color/008.png,0.895902,0.8956124782562256,True,0.0002895217437743902
patchcore,metal_nut,color/009.png,0.973494,0.9735456705093384,True,5.1670509338408444e-05
patchcore,metal_nut,color/011.png,1.0,1.0,True,0.0
patchcore,metal_nut,color/012.png,0.75816,0.7585006952285767,True,0.0003406952285767151
patchcore,metal_nut,color/014.png,1.0,1.0,True,0.0
patchcore,metal_nut,color/018.png,0.543953,0.5439788103103638,True,2.58103103637497e-05
patchcore,metal_nut,color/019.png,0.665317,0.6602784395217896,True,0.0050385604782104965
patchcore,metal_nut,color/020.png,0.907414,0.9067400693893433,True,0.0006739306106567922
patchcore,metal_nut,color/021.png,0.734118,0.7341859936714172,True,6.799367141718804e-05
patchcore,metal_nut,flip/001.png,1.0,1.0,True,0.0
patchcore,metal_nut,flip/004.png,1.0,1.0,True,0.0
patchcore,metal_nut,flip/006.png,1.0,1.0,True,0.0
patchcore,metal_nut,flip/007.png,1.0,1.0,True,0.0
patchcore,metal_nut,flip/008.png,1.0,1.0,True,0.0
patchcore,metal_nut,flip/009.png,1.0,1.0,True,0.0
patchcore,metal_nut,flip/012.png,1.0,1.0,True,0.0
patchcore,metal_nut,flip/013.png,1.0,1.0,True,0.0
patchcore,metal_nut,flip/014.png,1.0,1.0,True,0.0
patchcore,metal_nut,flip/015.png,1.0,1.0,True,0.0
patchcore,metal_nut,flip/017.png,0.992813,0.993139386177063,True,0.00032638617706304274
patchcore,metal_nut,flip/018.png,1.0,1.0,True,0.0
patchcore,metal_nut,flip/020.png,0.96357,0.9633406400680542,True,0.00022935993194583837
patchcore,metal_nut,good/002.png,0.339551,0.33966684341430664,True,0.0001158434143066489
patchcore,metal_nut,good/003.png,0.183453,0.1836453676223755,True,0.00019236762237548333
patchcore,metal_nut,good/004.png,0.173771,0.1740417182445526,True,0.0002707182445526035
patchcore,metal_nut,good/006.png,0.262243,0.26201093196868896,True,0.00023206803131103904
patchcore,metal_nut,good/008.png,0.323491,0.32326793670654297,True,0.00022306329345700426
patchcore,metal_nut,good/011.png,0.397363,0.3974931836128235,True,0.00013018361282346458
patchcore,metal_nut,good/016.png,0.470552,0.471083402633667,True,0.0005314026336669664
patchcore,metal_nut,good/017.png,0.329917,0.33052298426628113,True,0.0006059842662811121
patchcore,metal_nut,good/018.png,0.145343,0.14469674229621887,True,0.0006462577037811279
patchcore,metal_nut,good/020.png,0.225772,0.22532370686531067,True,0.0004482931346893315
patchcore,metal_nut,good/021.png,0.275849,0.2776530981063843,True,0.0018040981063842665
patchcore,metal_nut,scratch/007.png,1.0,1.0,True,0.0
patchcore,metal_nut,scratch/008.png,1.0,0.999657392501831,True,0.0003426074981689453
patchcore,metal_nut,scratch/011.png,0.933016,0.9333464503288269,True,0.0003304503288269478
patchcore,metal_nut,scratch/012.png,0.794599,0.7949773669242859,True,0.0003783669242858334
patchcore,metal_nut,scratch/014.png,0.824255,0.8240270614624023,True,0.00022793853759761618
patchcore,metal_nut,scratch/015.png,0.933534,0.9335834980010986,True,4.949800109865787e-05
patchcore,metal_nut,scratch/016.png,0.796516,0.79632169008255,True,0.00019430991744995296
patchcore,metal_nut,scratch/017.png,0.853915,0.8539690971374512,True,5.409713745119227e-05
patchcore,metal_nut,scratch/018.png,0.986856,0.9876266717910767,True,0.0007706717910767047
patchcore,metal_nut,scratch/021.png,0.663444,0.6617017984390259,True,0.0017422015609741548
patchcore,metal_nut,scratch/022.png,0.565894,0.5660321116447449,True,0.00013811164474486493
patchcore,hazelnut,crack/000.png,0.842334,0.8427704572677612,True,0.0004364572677612033
patchcore,hazelnut,crack/002.png,0.63458,0.6347965002059937,True,0.0002165002059936194
patchcore,hazelnut,crack/007.png,0.757131,0.7575256824493408,True,0.00039468244934082186
patchcore,hazelnut,crack/012.png,0.633108,0.6328492760658264,True,0.0002587239341735881
patchcore,hazelnut,crack/015.png,0.748784,0.7486546635627747,True,0.00012933643722534693
patchcore,hazelnut,crack/016.png,0.518741,0.519061267375946,True,0.00032026737594603727
patchcore,hazelnut,crack/017.png,0.6905,0.6905598044395447,True,5.980443954467507e-05
patchcore,hazelnut,cut/000.png,0.763318,0.7629941701889038,True,0.0003238298110962434
patchcore,hazelnut,cut/001.png,0.529538,0.529687762260437,True,0.00014976226043705854
patchcore,hazelnut,cut/002.png,0.678013,0.679137647151947,True,0.0011246471519470447
patchcore,hazelnut,cut/004.png,0.979181,0.9779648780822754,True,0.0012161219177245775
patchcore,hazelnut,cut/005.png,0.881027,0.8811475038528442,True,0.0001205038528442337
patchcore,hazelnut,cut/009.png,0.786882,0.7874513864517212,True,0.000569386451721221
patchcore,hazelnut,cut/010.png,0.743761,0.743668258190155,True,9.274180984497615e-05
patchcore,hazelnut,cut/011.png,0.84616,0.8462780117988586,True,0.00011801179885861934
patchcore,hazelnut,cut/012.png,0.658021,0.6570507287979126,True,0.0009702712020873694
patchcore,hazelnut,cut/015.png,0.794298,0.7943098545074463,True,1.1854507446340534e-05
patchcore,hazelnut,good/000.png,0.228483,0.22891929745674133,True,0.00043629745674134135
patchcore,hazelnut,good/002.png,0.179428,0.17938461899757385,True,4.3381002426151616e-05
patchcore,hazelnut,good/003.png,0.121623,0.12202534079551697,True,0.00040234079551697277
patchcore,hazelnut,good/004.png,0.164238,0.16361388564109802,True,0.0006241143589019726
patchcore,hazelnut,good/007.png,0.222826,0.2229767143726349,True,0.0001507143726348914
patchcore,hazelnut,good/008.png,0.23108,0.23048320412635803,True,0.0005967958736419754
patchcore,hazelnut,good/009.png,0.23968,0.24007195234298706,True,0.0003919523429870564
patchcore,hazelnut,good/013.png,0.311606,0.31138068437576294,True,0.00022531562423705465
patchcore,hazelnut,good/014.png,0.253199,0.2530305087566376,True,0.00016849124336243415
patchcore,hazelnut,good/015.png,0.160638,0.1605304479598999,True,0.00010755204010010067
patchcore,hazelnut,good/017.png,0.241715,0.24068784713745117,True,0.0010271528625488413
patchcore,hazelnut,good/018.png,0.203829,0.20413324236869812,True,0.00030424236869810994
patchcore,hazelnut,good/022.png,0.177701,0.17786350846290588,True,0.00016250846290588594
patchcore,hazelnut,good/023.png,0.217131,0.21612682938575745,True,0.0010041706142425444
patchcore,hazelnut,good/027.png,0.280598,0.2803221344947815,True,0.00027586550521851994
patchcore,hazelnut,good/029.png,0.182222,0.18228572607040405,True,6.372607040405764e-05
patchcore,hazelnut,good/032.png,0.274619,0.27491194009780884,True,0.0002929400978088359
patchcore,hazelnut,good/035.png,0.128533,0.12824088335037231,True,0.0002921166496276939
patchcore,hazelnut,good/037.png,0.304835,0.30446547269821167,True,0.0003695273017883527
patchcore,hazelnut,good/038.png,0.169882,0.17068970203399658,True,0.0008077020339965768
patchcore,hazelnut,hole/002.png,1.0,1.0,True,0.0
patchcore,hazelnut,hole/003.png,1.0,1.0,True,0.0
patchcore,hazelnut,hole/006.png,0.921353,0.9209824800491333,True,0.00037051995086667677
patchcore,hazelnut,hole/007.png,1.0,1.0,True,0.0
patchcore,hazelnut,hole/008.png,0.788626,0.7887832522392273,True,0.00015725223922724574
patchcore,hazelnut,hole/015.png,0.828224,0.8289024829864502,True,0.0006784829864502351
patchcore,hazelnut,hole/016.png,0.588165,0.5881052017211914,True,5.9798278808642635e-05
patchcore,hazelnut,print/002.png,1.0,1.0,True,0.0
patchcore,hazelnut,print/003.png,0.845039,0.8448715209960938,True,0.0001674790039062346
patchcore,hazelnut,print/005.png,0.887671,0.8871034383773804,True,0.0005675616226196167
patchcore,hazelnut,print/006.png,1.0,1.0,True,0.0
patchcore,hazelnut,print/008.png,1.0,1.0,True,0.0
patchcore,hazelnut,print/010.png,1.0,1.0,True,0.0
patchcore,hazelnut,print/011.png,0.960503,0.960694432258606,True,0.00019143225860596136
patchcore,hazelnut,print/012.png,1.0,1.0,True,0.0
patchcore,hazelnut,print/013.png,0.859816,0.8600329160690308,True,0.000216916069030737
patchcore,hazelnut,print/015.png,0.609183,0.6089934706687927,True,0.00018952933120730542
patchcore,hazelnut,print/016.png,0.919975,0.9200663566589355,True,9.135665893555966e-05
patchcore,capsule,crack/002.png,0.731245,0.730921745300293,True,0.0003232546997070651
patchcore,capsule,crack/006.png,0.77692,0.7771105170249939,True,0.0001905170249938415
patchcore,capsule,crack/007.png,0.795233,0.7957431077957153,True,0.0005101077957153644
patchcore,capsule,crack/008.png,0.589764,0.5901525020599365,True,0.0003885020599365685
patchcore,capsule,crack/009.png,0.62005,0.62032151222229,True,0.000271512222290049
patchcore,capsule,crack/012.png,0.835707,0.8364549279212952,True,0.0007479279212951884
patchcore,capsule,crack/013.png,0.777349,0.7784100770950317,True,0.0010610770950317816
patchcore,capsule,crack/017.png,1.0,1.0,True,0.0
patchcore,capsule,crack/020.png,0.679696,0.6796786785125732,True,1.732148742672468e-05
patchcore,capsule,crack/022.png,0.657983,0.658008873462677,True,2.58734626770174e-05
patchcore,capsule,faulty_imprint/001.png,0.607221,0.6075754165649414,True,0.0003544165649413955
patchcore,capsule,faulty_imprint/009.png,0.616914,0.6165847778320312,True,0.0003292221679687124
patchcore,capsule,faulty_imprint/011.png,0.507625,0.5076399445533752,True,1.4944553375251246e-05
patchcore,capsule,faulty_imprint/012.png,0.648083,0.6477326154708862,True,0.0003503845291137342
patchcore,capsule,faulty_imprint/016.png,0.636048,0.6363834142684937,True,0.0003354142684937056
patchcore,capsule,faulty_imprint/018.png,0.489591,0.4896509349346161,True,5.993493461609045e-05
patchcore,capsule,faulty_imprint/019.png,0.456611,0.45685452222824097,True,0.0002435222282409777
patchcore,capsule,faulty_imprint/020.png,0.709997,0.7094284892082214,True,0.0005685107917785537
patchcore,capsule,good/000.png,0.456629,0.4566456973552704,True,1.6697355270378633e-05
patchcore,capsule,good/001.png,0.370734,0.3718684911727905,True,0.0011344911727905194
patchcore,capsule,good/002.png,0.403577,0.4038563668727875,True,0.00027936687278745653
patchcore,capsule,good/005.png,0.36223,0.36299288272857666,True,0.0007628827285766637
patchcore,capsule,good/006.png,0.505354,0.5045875310897827,True,0.000766468910217255
patchcore,capsule,good/008.png,0.377563,0.37778136134147644,True,0.00021836134147645847
patchcore,capsule,good/011.png,0.421326,0.42147061228752136,True,0.000144612287521384
patchcore,capsule,good/014.png,0.430424,0.43028023838996887,True,0.00014376161003110122
patchcore,capsule,good/016.png,0.365248,0.3646884560585022,True,0.0005595439414978198
patchcore,capsule,good/017.png,0.393453,0.39322322607040405,True,0.00022977392959594445
patchcore,capsule,good/018.png,0.471446,0.46957045793533325,True,0.0018755420646667242
patchcore,capsule,good/021.png,0.428305,0.4286012351512909,True,0.0002962351512909023
patchcore,capsule,poke/002.png,0.600084,0.5995558500289917,True,0.0005281499710082516
patchcore,capsule,poke/003.png,0.548843,0.5488594770431519,True,1.6477043151885695e-05
patchcore,capsule,poke/004.png,0.717759,0.7177507281303406,True,8.271869659459696e-06
patchcore,capsule,poke/005.png,0.656633,0.655709981918335,True,0.0009230180816650613
patchcore,capsule,poke/006.png,0.532395,0.533949077129364,True,0.001554077129364062
patchcore,capsule,poke/007.png,0.558253,0.5583761930465698,True,0.000123193046569825
patchcore,capsule,poke/008.png,0.908108,0.9087353944778442,True,0.000627394477844212
patchcore,capsule,poke/010.png,0.527708,0.5278494954109192,True,0.00014149541091923457
patchcore,capsule,poke/011.png,0.721405,0.7216044664382935,True,0.00019946643829349409
patchcore,capsule,poke/015.png,0.615564,0.6157499551773071,True,0.00018595517730712885
patchcore,capsule,poke/017.png,0.608854,0.6098530888557434,True,0.000999088855743402
patchcore,capsule,poke/018.png,0.611381,0.6114993095397949,True,0.00011830953979496961
patchcore,capsule,poke/019.png,0.621739,0.62212073802948,True,0.00038173802947993885
patchcore,capsule,poke/020.png,0.629315,0.6355524659156799,True,0.006237465915679974
patchcore,capsule,scratch/000.png,0.580324,0.5815955996513367,True,0.001271599651336719
patchcore,capsule,scratch/002.png,0.550126,0.5503252148628235,True,0.00019921486282348244
patchcore,capsule,scratch/003.png,0.574939,0.5765474438667297,True,0.0016084438667297585
patchcore,capsule,scratch/005.png,0.471337,0.4724533259868622,True,0.0011163259868621767
patchcore,capsule,scratch/006.png,0.546612,0.5468565225601196,True,0.00024452256011964213
patchcore,capsule,scratch/007.png,0.626401,0.6266120076179504,True,0.00021100761795045386
patchcore,capsule,scratch/008.png,0.806787,0.8066595792770386,True,0.00012742072296145768
patchcore,capsule,scratch/011.png,0.727992,0.727760374546051,True,0.00023162545394894707
patchcore,capsule,scratch/016.png,0.700637,0.7004096508026123,True,0.00022734919738764958
patchcore,capsule,scratch/019.png,0.769746,0.7698643207550049,True,0.00011832075500484152
patchcore,capsule,scratch/020.png,0.647035,0.6471261978149414,True,9.119781494137946e-05
patchcore,capsule,scratch/021.png,0.561358,0.5611328482627869,True,0.0002251517372131584
patchcore,capsule,scratch/022.png,0.658887,0.6589263677597046,True,3.936775970458939e-05
patchcore,capsule,squeeze/000.png,1.0,1.0,True,0.0
patchcore,capsule,squeeze/003.png,0.882959,0.8828993439674377,True,5.965603256230523e-05
patchcore,capsule,squeeze/004.png,0.760689,0.7613967657089233,True,0.0007077657089233913
patchcore,capsule,squeeze/006.png,1.0,1.0,True,0.0
patchcore,capsule,squeeze/009.png,0.945732,0.9454970359802246,True,0.0002349640197754077
patchcore,capsule,squeeze/011.png,1.0,1.0,True,0.0
patchcore,capsule,squeeze/013.png,0.967774,0.9680106043815613,True,0.00023660438156125618
patchcore,capsule,squeeze/014.png,0.98102,0.9800100326538086,True,0.0010099673461914094
patchcore,capsule,squeeze/015.png,1.0,1.0,True,0.0
patchcore,capsule,squeeze/017.png,0.822086,0.8218199014663696,True,0.0002660985336303545
patchcore,carpet,color/002.png,0.806222,0.805756688117981,True,0.00046531188201903717
patchcore,carpet,color/004.png,1.0,1.0,True,0.0
patchcore,carpet,color/006.png,0.736069,0.7358651757240295,True,0.0002038242759704323
patchcore,carpet,color/009.png,0.910893,0.9112964868545532,True,0.00040348685455326994
patchcore,carpet,color/011.png,0.785469,0.7857251167297363,True,0.00025611672973635535
patchcore,carpet,color/013.png,0.877493,0.8771734833717346,True,0.0003195166282653483
patchcore,carpet,color/015.png,0.927979,0.9276019930839539,True,0.0003770069160461409
patchcore,carpet,color/016.png,0.672883,0.6728628277778625,True,2.017222213746006e-05
patchcore,carpet,color/017.png,0.706932,0.7074167132377625,True,0.00048471323776244635
patchcore,carpet,color/018.png,0.792338,0.7920936346054077,True,0.0002443653945922719
patchcore,carpet,cut/001.png,1.0,1.0,True,0.0
patchcore,carpet,cut/002.png,1.0,1.0,True,0.0
patchcore,carpet,cut/008.png,0.780753,0.7796550989151001,True,0.0010979010848999327
patchcore,carpet,cut/013.png,1.0,1.0,True,0.0
patchcore,carpet,cut/016.png,0.858453,0.8583718538284302,True,8.114617156984583e-05
patchcore,carpet,good/000.png,0.315876,0.3155193328857422,True,0.0003566671142578026
patchcore,carpet,good/004.png,0.367833,0.36764293909072876,True,0.0001900609092712613
patchcore,carpet,good/007.png,0.364264,0.3603805601596832,True,0.003883439840316749
patchcore,carpet,good/008.png,0.397139,0.3965630531311035,True,0.0005759468688965041
patchcore,carpet,good/009.png,0.491399,0.49142777919769287,True,2.8779197692896386e-05
patchcore,carpet,good/010.png,0.327814,0.32752683758735657,True,0.0002871624126434269
patchcore,carpet,good/012.png,0.453363,0.45240893959999084,True,0.0009540604000091712
patchcore,carpet,good/014.png,0.476083,0.4761641025543213,True,8.110255432131064e-05
patchcore,carpet,good/016.png,0.362421,0.3627760708332062,True,0.0003550708332061836
patchcore,carpet,good/017.png,0.358062,0.35781747102737427,True,0.0002445289726257238
patchcore,carpet,good/018.png,0.289671,0.28960517048835754,True,6.582951164246786e-05
patchcore,carpet,good/020.png,0.351718,0.35134637355804443,True,0.0003716264419555415
patchcore,carpet,good/022.png,0.311915,0.3115382194519043,True,0.00037678054809570094
patchcore,carpet,good/024.png,0.314559,0.31455153226852417,True,7.467731475807593e-06
patchcore,carpet,hole/000.png,0.838004,0.8369202613830566,True,0.0010837386169433305
patchcore,carpet,hole/002.png,0.709323,0.7099087238311768,True,0.000585723831176721
patchcore,carpet,hole/003.png,1.0,1.0,True,0.0
patchcore,carpet,hole/004.png,1.0,1.0,True,0.0
patchcore,carpet,hole/006.png,1.0,1.0,True,0.0
patchcore,carpet,hole/009.png,1.0,1.0,True,0.0
patchcore,carpet,hole/011.png,1.0,1.0,True,0.0
patchcore,carpet,hole/012.png,0.949704,0.9497115612030029,True,7.561203002937056e-06
patchcore,carpet,hole/013.png,1.0,1.0,True,0.0
patchcore,carpet,hole/015.png,0.989246,0.9891389608383179,True,0.0001070391616820876
patchcore,carpet,hole/016.png,0.954807,0.9544588327407837,True,0.0003481672592162699
patchcore,carpet,metal_contamination/001.png,0.501313,0.5002666115760803,True,0.0010463884239196863
patchcore,carpet,metal_contamination/002.png,0.781131,0.7805216312408447,True,0.0006093687591552932
patchcore,carpet,metal_contamination/003.png,0.848873,0.8501871824264526,True,0.001314182426452648
patchcore,carpet,metal_contamination/004.png,1.0,1.0,True,0.0
patchcore,carpet,metal_contamination/008.png,1.0,1.0,True,0.0
patchcore,carpet,metal_contamination/011.png,0.801572,0.8011734485626221,True,0.0003985514373778809
patchcore,carpet,metal_contamination/012.png,0.800742,0.8006477355957031,True,9.426440429682881e-05
patchcore,carpet,metal_contamination/014.png,0.752802,0.7527382373809814,True,6.376261901852587e-05
patchcore,carpet,metal_contamination/016.png,0.870506,0.8713488578796387,True,0.0008428578796386699
patchcore,carpet,thread/000.png,1.0,1.0,True,0.0
patchcore,carpet,thread/001.png,0.715836,0.7150617241859436,True,0.0007742758140564243
patchcore,carpet,thread/003.png,0.752467,0.7528186440467834,True,0.0003516440467834503
patchcore,carpet,thread/005.png,1.0,1.0,True,0.0
patchcore,carpet,thread/011.png,1.0,1.0,True,0.0
patchcore,carpet,thread/012.png,1.0,1.0,True,0.0
patchcore,carpet,thread/015.png,0.52363,0.5232008099555969,True,0.00042919004440311603
patchcore,carpet,thread/016.png,0.871512,0.8712391257286072,True,0.00027287427139277565
patchcore,carpet,thread/017.png,1.0,1.0,True,0.0
patchcore,carpet,thread/018.png,0.436708,0.4369399845600128,True,0.0002319845600128323
patchcore,screw,good/000.png,0.457448,0.45868855714797974,True,0.001240557147979715
patchcore,screw,good/002.png,0.403798,0.40484175086021423,True,0.0010437508602142431
patchcore,screw,good/007.png,0.372858,0.3730190694332123,True,0.00016106943321225753
patchcore,screw,good/010.png,0.373909,0.373585045337677,True,0.0003239546623229894
patchcore,screw,good/011.png,0.459047,0.45893481373786926,True,0.00011218626213072014
patchcore,screw,good/013.png,0.460856,0.461498498916626,True,0.0006424989166259887
patchcore,screw,good/015.png,0.477501,0.47745633125305176,True,4.466874694825096e-05
patchcore,screw,good/016.png,0.362968,0.3630242943763733,True,5.6294376373278165e-05
patchcore,screw,good/017.png,0.331608,0.33108413219451904,True,0.0005238678054809709
patchcore,screw,good/021.png,0.389759,0.3897358179092407,True,2.3182090759299445e-05
patchcore,screw,good/024.png,0.4524,0.4528556764125824,True,0.0004556764125823731
patchcore,screw,good/027.png,0.506316,0.5060932040214539,True,0.00022279597854613087
patchcore,screw,good/028.png,0.306277,0.30615007877349854,True,0.0001269212265014863
patchcore,screw,good/029.png,0.384768,0.3834085464477539,True,0.0013594535522460927
patchcore,screw,good/030.png,0.426928,0.4261326789855957,True,0.000795321014404271
patchcore,screw,good/031.png,0.479844,0.4798659086227417,True,2.1908622741706463e-05
patchcore,screw,good/032.png,0.397199,0.3967990577220917,True,0.00039994227790834946
patchcore,screw,good/034.png,0.362029,0.36310717463493347,True,0.001078174634933482
patchcore,screw,good/035.png,0.697561,0.6949739456176758,True,0.0025870543823242054
patchcore,screw,good/037.png,0.39312,0.3929714858531952,True,0.00014851414680483455
patchcore,screw,good/039.png,0.380373,0.3801051080226898,True,0.0002678919773101973
patchcore,screw,manipulated_front/004.png,0.877742,0.877522349357605,True,0.00021965064239504173
patchcore,screw,manipulated_front/009.png,0.662596,0.6644136309623718,True,0.0018176309623718634
patchcore,screw,manipulated_front/010.png,0.740312,0.7393754124641418,True,0.0009365875358581244
patchcore,screw,manipulated_front/011.png,0.690725,0.6890329718589783,True,0.001692028141021762
patchcore,screw,manipulated_front/012.png,0.535366,0.5347667336463928,True,0.0005992663536071863
patchcore,screw,manipulated_front/013.png,0.779235,0.7767738103866577,True,0.002461189613342296
patchcore,screw,manipulated_front/015.png,0.821707,0.8218103647232056,True,0.0001033647232056012
patchcore,screw,manipulated_front/016.png,0.935442,0.936104416847229,True,0.0006624168472290082
patchcore,screw,manipulated_front/020.png,0.55195,0.5514786243438721,True,0.0004713756561279814
patchcore,screw,manipulated_front/022.png,0.591569,0.5925465226173401,True,0.0009775226173400764
patchcore,screw,scratch_head/001.png,0.752028,0.7519570589065552,True,7.0941093444854e-05
patchcore,screw,scratch_head/007.png,0.693119,0.6926576495170593,True,0.00046135048294071446
patchcore,screw,scratch_head/009.png,0.804248,0.803572952747345,True,0.0006750472526549922
patchcore,screw,scratch_head/012.png,0.894902,0.8950042128562927,True,0.00010221285629274934
patchcore,screw,scratch_head/014.png,0.534841,0.5346311330795288,True,0.00020986692047120226
patchcore,screw,scratch_head/015.png,1.0,1.0,True,0.0
patchcore,screw,scratch_head/016.png,0.714792,0.7147843241691589,True,7.675830841047393e-06
patchcore,screw,scratch_head/018.png,0.688462,0.6881895065307617,True,0.00027249346923829965
patchcore,screw,scratch_head/020.png,0.736256,0.7362543344497681,True,1.6655502319551374e-06
patchcore,screw,scratch_head/022.png,0.470734,0.47116217017173767,True,0.0004281701717376851
patchcore,screw,scratch_head/023.png,0.724173,0.7248842120170593,True,0.0007112120170593705
patchcore,screw,scratch_neck/000.png,0.639293,0.6394932866096497,True,0.00020028660964965805
patchcore,screw,scratch_neck/001.png,1.0,1.0,True,0.0
patchcore,screw,scratch_neck/002.png,0.618647,0.6184619069099426,True,0.00018509309005732
patchcore,screw,scratch_neck/005.png,0.616997,0.6169455051422119,True,5.149485778810359e-05
patchcore,screw,scratch_neck/009.png,1.0,1.0,True,0.0
patchcore,screw,scratch_neck/010.png,0.975533,0.975531816482544,True,1.1835174560381745e-06
patchcore,screw,scratch_neck/011.png,0.716987,0.7168211936950684,True,0.00016580630493168158
patchcore,screw,scratch_neck/012.png,0.705418,0.7052698731422424,True,0.00014812685775755785
patchcore,screw,scratch_neck/015.png,1.0,1.0,True,0.0
patchcore,screw,scratch_neck/016.png,1.0,1.0,True,0.0
patchcore,screw,scratch_neck/019.png,0.99214,0.9922391772270203,True,9.917722702024179e-05
patchcore,screw,scratch_neck/020.png,1.0,1.0,True,0.0
patchcore,screw,scratch_neck/021.png,0.666639,0.6663014888763428,True,0.00033751112365720815
patchcore,screw,scratch_neck/024.png,1.0,1.0,True,0.0
patchcore,screw,thread_side/000.png,0.504586,0.5038943290710449,True,0.0006916709289550571
patchcore,screw,thread_side/002.png,0.692639,0.6941495537757874,True,0.0015105537757873488
patchcore,screw,thread_side/003.png,0.550992,0.551081657409668,True,8.965740966793145e-05
patchcore,screw,thread_side/005.png,0.77358,0.7736592888832092,True,7.928888320918315e-05
patchcore,screw,thread_side/011.png,0.850365,0.8511890172958374,True,0.0008240172958373648
patchcore,screw,thread_side/013.png,0.527128,0.5264419913291931,True,0.0006860086708069257
patchcore,screw,thread_side/014.png,0.73944,0.7388472557067871,True,0.0005927442932128768
patchcore,screw,thread_side/015.png,0.563755,0.5645328760147095,True,0.0007778760147094665
patchcore,screw,thread_side/016.png,0.575616,0.5763236880302429,True,0.0007076880302429034
patchcore,screw,thread_side/017.png,0.868246,0.868721604347229,True,0.00047560434722904166
patchcore,screw,thread_side/020.png,0.53965,0.5409785509109497,True,0.001328550910949744
patchcore,screw,thread_side/021.png,0.690174,0.6898953914642334,True,0.00027860853576655575
patchcore,screw,thread_top/000.png,1.0,1.0,True,0.0
patchcore,screw,thread_top/001.png,0.82436,0.8239907622337341,True,0.0003692377662658508
patchcore,screw,thread_top/003.png,0.483061,0.48355212807655334,True,0.0004911280765533266
patchcore,screw,thread_top/005.png,0.887124,0.8873481154441833,True,0.00022411544418332596
patchcore,screw,thread_top/006.png,0.806453,0.8070195913314819,True,0.0005665913314819582
patchcore,screw,thread_top/007.png,1.0,1.0,True,0.0
patchcore,screw,thread_top/008.png,0.627133,0.6290906667709351,True,0.001957666770935007
patchcore,screw,thread_top/009.png,0.870467,0.8695590496063232,True,0.0009079503936767486
patchcore,screw,thread_top/010.png,0.806069,0.8061448335647583,True,7.58335647582653e-05
patchcore,screw,thread_top/011.png,0.961824,0.9615866541862488,True,0.00023734581375123298
patchcore,screw,thread_top/013.png,0.893773,0.8928650617599487,True,0.0009079382400513092
patchcore,screw,thread_top/015.png,0.686537,0.6880159378051758,True,0.0014789378051758284
patchcore,screw,thread_top/019.png,1.0,1.0,True,0.0
patchcore,pill,color/004.png,0.87119,0.8711826801300049,True,7.319869995137118e-06
patchcore,pill,color/005.png,0.444112,0.44556155800819397,True,0.001449558008193963
patchcore,pill,color/006.png,0.879272,0.8795797824859619,True,0.00030778248596186053
patchcore,pill,color/009.png,0.610543,0.6109030246734619,True,0.0003600246734619672
patchcore,pill,color/010.png,0.363477,0.36391788721084595,True,0.0004408872108459527
patchcore,pill,color/016.png,0.820587,0.8213756084442139,True,0.0007886084442139119
patchcore,pill,color/018.png,0.766905,0.765450119972229,True,0.001454880027770944
patchcore,pill,color/019.png,0.891838,0.8913694620132446,True,0.0004685379867553907
patchcore,pill,color/020.png,0.713493,0.7121349573135376,True,0.0013580426864624462
patchcore,pill,combined/000.png,0.634008,0.634101390838623,True,9.339083862303088e-05
patchcore,pill,combined/003.png,1.0,1.0,True,0.0
patchcore,pill,combined/004.png,0.752437,0.7522344589233398,True,0.00020254107666017873
patchcore,pill,combined/005.png,0.589344,0.5888770222663879,True,0.00046697773361203954
patchcore,pill,combined/007.png,0.525124,0.5253328680992126,True,0.0002088680992126113
patchcore,pill,combined/008.png,0.88477,0.8852838277816772,True,0.0005138277816773007
patchcore,pill,combined/010.png,0.799036,0.7990212440490723,True,1.4755950927702877e-05
patchcore,pill,combined/011.png,0.92027,0.9195926785469055,True,0.0006773214530945149
patchcore,pill,combined/014.png,1.0,1.0,True,0.0
patchcore,pill,combined/015.png,0.698847,0.6981624364852905,True,0.0006845635147094686
patchcore,pill,contamination/004.png,0.611644,0.6108250021934509,True,0.0008189978065490378
patchcore,pill,contamination/008.png,0.752392,0.7531532049179077,True,0.0007612049179077651
patchcore,pill,contamination/010.png,0.697845,0.6971932649612427,True,0.0006517350387573728
patchcore,pill,contamination/014.png,0.838149,0.8384276628494263,True,0.00027866284942623665
patchcore,pill,contamination/017.png,0.91551,0.9155233502388,True,1.3350238800002856e-05
patchcore,pill,contamination/018.png,1.0,1.0,True,0.0
patchcore,pill,contamination/020.png,0.456125,0.45583024621009827,True,0.00029475378990173606
patchcore,pill,crack/000.png,0.558851,0.5591100454330444,True,0.00025904543304444694
patchcore,pill,crack/002.png,0.659302,0.6592459678649902,True,5.6032135009820294e-05
patchcore,pill,crack/006.png,0.70231,0.702680230140686,True,0.0003702301406860453
patchcore,pill,crack/009.png,0.630105,0.6302388906478882,True,0.0001338906478881574
patchcore,pill,crack/010.png,0.54445,0.5439067482948303,True,0.0005432517051696673
patchcore,pill,crack/013.png,0.477958,0.47796282172203064,True,4.821722030645681e-06
patchcore,pill,crack/014.png,0.387764,0.3881051242351532,True,0.00034112423515320067
patchcore,pill,crack/015.png,0.588695,0.588776171207428,True,8.11712074280102e-05
patchcore,pill,crack/016.png,0.390597,0.3898222744464874,True,0.0007747255535126008
patchcore,pill,crack/018.png,0.865674,0.8655583262443542,True,0.00011567375564580651
patchcore,pill,crack/019.png,0.699646,0.6995640993118286,True,8.190068817137686e-05
patchcore,pill,crack/023.png,0.700736,0.7008055448532104,True,6.95448532104237e-05
patchcore,pill,crack/024.png,0.376953,0.376853346824646,True,9.965317535398643e-05
patchcore,pill,faulty_imprint/002.png,0.745411,0.7460750341415405,True,0.0006640341415404816
patchcore,pill,faulty_imprint/004.png,0.589096,0.5896360278129578,True,0.0005400278129578107
patchcore,pill,faulty_imprint/009.png,0.651759,0.6514038443565369,True,0.000355155643463112
patchcore,pill,faulty_imprint/011.png,0.696137,0.6953877210617065,True,0.0007492789382934628
patchcore,pill,faulty_imprint/014.png,0.633535,0.6330051422119141,True,0.0005298577880858968
patchcore,pill,faulty_imprint/015.png,0.680833,0.6816828846931458,True,0.0008498846931457305
patchcore,pill,good/000.png,0.336265,0.335468053817749,True,0.0007969461822509571
patchcore,pill,good/001.png,0.388838,0.3891086280345917,True,0.00027062803459165785
patchcore,pill,good/002.png,0.39392,0.3940099775791168,True,8.997757911682891e-05
patchcore,pill,good/004.png,0.264129,0.26270735263824463,True,0.0014216473617553738
patchcore,pill,good/006.png,0.380066,0.3800899088382721,True,2.390883827207979e-05
patchcore,pill,good/007.png,0.613383,0.6131879687309265,True,0.00019503126907349788
patchcore,pill,good/008.png,0.448094,0.4482463598251343,True,0.00015235982513428503
patchcore,pill,good/012.png,0.442355,0.4415086805820465,True,0.0008463194179534894
patchcore,pill,good/013.png,0.455088,0.45437973737716675,True,0.0007082626228332445
patchcore,pill,good/015.png,0.362777,0.36323022842407227,True,0.0004532284240722495
patchcore,pill,good/018.png,0.368307,0.36756813526153564,True,0.000738864738464351
patchcore,pill,good/022.png,0.346101,0.34708112478256226,True,0.0009801247825622639
patchcore,pill,good/024.png,0.441414,0.4427563548088074,True,0.0013423548088074
patchcore,pill,pill_type/000.png,0.979684,0.979320764541626,True,0.0003632354583740227
patchcore,pill,pill_type/001.png,1.0,1.0,True,0.0
patchcore,pill,pill_type/002.png,0.936411,0.9354518055915833,True,0.0009591944084167414
patchcore,pill,pill_type/003.png,1.0,1.0,True,0.0
patchcore,pill,pill_type/004.png,0.881157,0.8805056810379028,True,0.000651318962097136
patchcore,pill,pill_type/006.png,1.0,1.0,True,0.0
patchcore,pill,scratch/001.png,0.604755,0.6062372326850891,True,0.0014822326850890688
patchcore,pill,scratch/002.png,0.700001,0.7003868818283081,True,0.0003858818283081211
patchcore,pill,scratch/004.png,0.625203,0.6245787143707275,True,0.0006242856292724142
patchcore,pill,scratch/005.png,0.484713,0.4844760596752167,True,0.00023694032478333016
patchcore,pill,scratch/006.png,0.683245,0.6837474703788757,True,0.0005024703788757412
patchcore,pill,scratch/007.png,0.498175,0.49771028757095337,True,0.0004647124290466098
patchcore,pill,scratch/008.png,0.545872,0.5463932156562805,True,0.0005212156562804937
patchcore,pill,scratch/009.png,0.764509,0.7650036215782166,True,0.0004946215782165586
patchcore,pill,scratch/010.png,0.887593,0.8883728384971619,True,0.0007798384971618999
patchcore,pill,scratch/012.png,0.68294,0.6823762059211731,True,0.0005637940788268958
patchcore,pill,scratch/013.png,0.808203,0.806736171245575,True,0.0014668287544250536
patchcore,pill,scratch/014.png,0.729776,0.7314249277114868,True,0.0016489277114868361
patchcore,pill,scratch/015.png,0.727339,0.7265396118164062,True,0.0007993881835937078
patchcore,pill,scratch/016.png,0.733076,0.7314708828926086,True,0.0016051171073913073
patchcore,pill,scratch/017.png,0.63344,0.6332385540008545,True,0.00020144599914551087
patchcore,pill,scratch/019.png,0.742187,0.7425880432128906,True,0.00040104321289058387
patchcore,pill,scratch/020.png,0.728866,0.7298344969749451,True,0.0009684969749450545
patchcore,pill,scratch/021.png,1.0,1.0,True,0.0
patchcore,pill,scratch/022.png,0.499346,0.5004265904426575,False,0.0010805904426574586
patchcore,pill,scratch/023.png,0.615156,0.6154110431671143,True,0.0002550431671142217
fastflow,metal_nut,bent/000.png,0.970974,0.9711588621139526,True,0.00018486211395263297
fastflow,metal_nut,bent/003.png,0.896753,0.8990115523338318,True,0.002258552333831765
fastflow,metal_nut,bent/004.png,0.67677,0.6770455837249756,True,0.00027558372497560324
fastflow,metal_nut,bent/007.png,0.59535,0.5949875116348267,True,0.0003624883651733857
fastflow,metal_nut,bent/008.png,0.865743,0.8653364777565002,True,0.00040652224349979615
fastflow,metal_nut,bent/010.png,0.673552,0.674289882183075,True,0.0007378821830749116
fastflow,metal_nut,bent/013.png,1.0,1.0,True,0.0
fastflow,metal_nut,bent/017.png,0.785722,0.7854617238044739,True,0.00026027619552615455
fastflow,metal_nut,bent/018.png,1.0,1.0,True,0.0
fastflow,metal_nut,bent/020.png,0.720452,0.7199966907501221,True,0.000455309249877911
fastflow,metal_nut,bent/024.png,0.823048,0.8218957185745239,True,0.001152281425476076
fastflow,metal_nut,color/003.png,0.704413,0.7050722241401672,True,0.0006592241401672805
fastflow,metal_nut,color/004.png,1.0,1.0,True,0.0
fastflow,metal_nut,color/006.png,0.79187,0.7923805117607117,True,0.0005105117607117071
fastflow,metal_nut,color/008.png,1.0,1.0,True,0.0
fastflow,metal_nut,color/009.png,1.0,1.0,True,0.0
fastflow,metal_nut,color/011.png,0.977798,0.9776802659034729,True,0.00011773409652704458
fastflow,metal_nut,color/012.png,0.987676,0.9876017570495605,True,7.42429504394515e-05
fastflow,metal_nut,color/014.png,1.0,1.0,True,0.0
fastflow,metal_nut,color/018.png,1.0,1.0,True,0.0
fastflow,metal_nut,color/019.png,0.993866,0.9938724040985107,True,6.404098510714995e-06
fastflow,metal_nut,color/020.png,1.0,1.0,True,0.0
fastflow,metal_nut,color/021.png,0.955687,0.9555486440658569,True,0.0001383559341430196
fastflow,metal_nut,flip/001.png,1.0,1.0,True,0.0
fastflow,metal_nut,flip/004.png,1.0,1.0,True,0.0
fastflow,metal_nut,flip/006.png,1.0,1.0,True,0.0
fastflow,metal_nut,flip/007.png,1.0,1.0,True,0.0
fastflow,metal_nut,flip/008.png,1.0,1.0,True,0.0
fastflow,metal_nut,flip/009.png,1.0,1.0,True,0.0
fastflow,metal_nut,flip/012.png,1.0,1.0,True,0.0
fastflow,metal_nut,flip/013.png,1.0,1.0,True,0.0
fastflow,metal_nut,flip/014.png,1.0,1.0,True,0.0
fastflow,metal_nut,flip/015.png,1.0,1.0,True,0.0
fastflow,metal_nut,flip/017.png,1.0,1.0,True,0.0
fastflow,metal_nut,flip/018.png,1.0,1.0,True,0.0
fastflow,metal_nut,flip/020.png,1.0,1.0,True,0.0
fastflow,metal_nut,good/002.png,0.419269,0.4194416105747223,True,0.00017261057472228725
fastflow,metal_nut,good/003.png,0.079452,0.0803745687007904,True,0.0009225687007904104
fastflow,metal_nut,good/004.png,0.987524,0.9884697794914246,True,0.0009457794914246032
fastflow,metal_nut,good/006.png,0.798088,0.8003230094909668,True,0.0022350094909667773
fastflow,metal_nut,good/008.png,0.305322,0.30432581901550293,True,0.0009961809844970526
fastflow,metal_nut,good/011.png,0.197211,0.19814661145210266,True,0.0009356114521026637
fastflow,metal_nut,good/016.png,0.720467,0.7226237058639526,True,0.002156705863952668
fastflow,metal_nut,good/017.png,0.257325,0.25890249013900757,True,0.0015774901390075424
fastflow,metal_nut,good/018.png,0.033185,0.032281726598739624,True,0.0009032734012603752
fastflow,metal_nut,good/020.png,0.199191,0.20149895548820496,True,0.002307955488204949
fastflow,metal_nut,good/021.png,0.363886,0.3607693314552307,True,0.0031166685447692744
fastflow,metal_nut,scratch/007.png,0.979599,0.9794811010360718,True,0.00011789896392822019
fastflow,metal_nut,scratch/008.png,0.916337,0.9163511991500854,True,1.4199150085492107e-05
fastflow,metal_nut,scratch/011.png,0.819857,0.8199979066848755,True,0.00014090668487554137
fastflow,metal_nut,scratch/012.png,0.959174,0.9593789577484131,True,0.00020495774841311487
fastflow,metal_nut,scratch/014.png,0.715035,0.7154401540756226,True,0.00040515407562258243
fastflow,metal_nut,scratch/015.png,0.994662,0.9945726990699768,True,8.930093002323947e-05
fastflow,metal_nut,scratch/016.png,0.963655,0.9635461568832397,True,0.00010884311676029323
fastflow,metal_nut,scratch/017.png,0.933054,0.9332566857337952,True,0.000202685733795116
fastflow,metal_nut,scratch/018.png,1.0,1.0,True,0.0
fastflow,metal_nut,scratch/021.png,1.0,1.0,True,0.0
fastflow,metal_nut,scratch/022.png,0.474954,0.4740791618824005,True,0.0008748381175994746
fastflow,hazelnut,crack/000.png,0.655061,0.6552509069442749,True,0.00018990694427489796
fastflow,hazelnut,crack/002.png,0.964206,0.9642055034637451,True,4.965362548903229e-07
fastflow,hazelnut,crack/007.png,0.688663,0.6892038583755493,True,0.0005408583755492913
fastflow,hazelnut,crack/012.png,0.543057,0.5433638691902161,True,0.0003068691902160525
fastflow,hazelnut,crack/015.png,0.748011,0.7484121322631836,True,0.0004011322631836123
fastflow,hazelnut,crack/016.png,0.447331,0.44414767622947693,True,0.00318332377052305
fastflow,hazelnut,crack/017.png,0.893763,0.8940335512161255,True,0.00027055121612551414
fastflow,hazelnut,cut/000.png,0.684735,0.6852418184280396,True,0.0005068184280395682
fastflow,hazelnut,cut/001.png,0.625411,0.6250208616256714,True,0.0003901383743286635
fastflow,hazelnut,cut/002.png,0.329329,0.3297797441482544,True,0.00045074414825441167
fastflow,hazelnut,cut/004.png,0.759829,0.76003098487854,True,0.00020198487854006242
fastflow,hazelnut,cut/005.png,0.901256,0.8996842503547668,True,0.0015717496452331003
fastflow,hazelnut,cut/009.png,0.53845,0.5394914746284485,True,0.0010414746284485021
fastflow,hazelnut,cut/010.png,0.732373,0.7332763671875,True,0.0009033671874999483
fastflow,hazelnut,cut/011.png,0.762869,0.7614704370498657,True,0.0013985629501342967
fastflow,hazelnut,cut/012.png,0.857648,0.8573399186134338,True,0.00030808138656612805
fastflow,hazelnut,cut/015.png,0.906039,0.9066851139068604,True,0.0006461139068603128
fastflow,hazelnut,good/000.png,0.782969,0.7850239276885986,True,0.0020549276885986067
fastflow,hazelnut,good/002.png,0.95436,0.9540936946868896,True,0.00026630531311033767
fastflow,hazelnut,good/003.png,0.789841,0.7911543250083923,True,0.0013133250083923187
fastflow,hazelnut,good/004.png,0.684751,0.6836624145507812,True,0.0010885854492187486
fastflow,hazelnut,good/007.png,0.867681,0.8675367832183838,True,0.00014421678161624651
fastflow,hazelnut,good/008.png,0.786825,0.7875242233276367,True,0.0006992233276367221
fastflow,hazelnut,good/009.png,0.301391,0.29635900259017944,True,0.005031997409820577
fastflow,hazelnut,good/013.png,0.609055,0.6098809838294983,True,0.000825983829498278
fastflow,hazelnut,good/014.png,0.483942,0.4788719117641449,True,0.005070088235855086
fastflow,hazelnut,good/015.png,0.726003,0.7260022163391113,True,7.836608886258034e-07
fastflow,hazelnut,good/017.png,0.854001,0.8512508869171143,True,0.0027501130828857523
fastflow,hazelnut,good/018.png,0.612355,0.6130295991897583,True,0.0006745991897583181
fastflow,hazelnut,good/022.png,0.609747,0.612933874130249,True,0.0031868741302489845
fastflow,hazelnut,good/023.png,0.155752,0.156283438205719,True,0.0005314382057189926
fastflow,hazelnut,good/027.png,0.5356,0.5367758274078369,True,0.001175827407836949
fastflow,hazelnut,good/029.png,0.0,0.0,True,0.0
fastflow,hazelnut,good/032.png,0.214622,0.21599140763282776,True,0.0013694076328277516
fastflow,hazelnut,good/035.png,0.198954,0.20128649473190308,True,0.002332494731903084
fastflow,hazelnut,good/037.png,0.757361,0.7581595182418823,True,0.0007985182418823733
fastflow,hazelnut,good/038.png,0.272676,0.2720031142234802,True,0.0006728857765197493
fastflow,hazelnut,hole/002.png,0.881417,0.8823072910308838,True,0.000890291030883783
fastflow,hazelnut,hole/003.png,0.823033,0.8240104913711548,True,0.0009774913711547706
fastflow,hazelnut,hole/006.png,0.630215,0.6316250562667847,True,0.0014100562667846983
fastflow,hazelnut,hole/007.png,0.959405,0.9594392776489258,True,3.427764892582896e-05
fastflow,hazelnut,hole/008.png,0.544032,0.5446576476097107,True,0.0006256476097107333
fastflow,hazelnut,hole/015.png,0.833327,0.833664059638977,True,0.00033705963897701086
fastflow,hazelnut,hole/016.png,0.268817,0.2699010372161865,True,0.0010840372161865508
fastflow,hazelnut,print/002.png,0.962998,0.9630236625671387,True,2.5662567138651227e-05
fastflow,hazelnut,print/003.png,0.824696,0.8249729871749878,True,0.00027698717498780834
fastflow,hazelnut,print/005.png,0.944436,0.9443365335464478,True,9.946645355229933e-05
fastflow,hazelnut,print/006.png,0.962657,0.9626726508140564,True,1.5650814056411555e-05
fastflow,hazelnut,print/008.png,0.95255,0.9525264501571655,True,2.3549842834480472e-05
fastflow,hazelnut,print/010.png,0.961748,0.9617561101913452,True,8.11019134516755e-06
fastflow,hazelnut,print/011.png,0.964053,0.9640522003173828,True,7.996826172362859e-07
fastflow,hazelnut,print/012.png,0.961535,0.9615455865859985,True,1.0586585998506592e-05
fastflow,hazelnut,print/013.png,0.793872,0.7933324575424194,True,0.0005395424575805885
fastflow,hazelnut,print/015.png,0.496105,0.49751707911491394,True,0.0014120791149139222
fastflow,hazelnut,print/016.png,0.961324,0.9613299369812012,True,5.936981201215552e-06
fastflow,capsule,crack/002.png,0.951255,0.951725959777832,True,0.00047095977783206955
fastflow,capsule,crack/006.png,0.987008,0.98701411485672,True,6.114856719974249e-06
fastflow,capsule,crack/007.png,1.0,1.0,True,0.0
fastflow,capsule,crack/008.png,0.751752,0.7505122423171997,True,0.0012397576828002688
fastflow,capsule,crack/009.png,0.914603,0.9148659110069275,True,0.0002629110069274354
fastflow,capsule,crack/012.png,0.99998,0.9999619722366333,True,1.8027763366679217e-05
fastflow,capsule,crack/013.png,0.937941,0.9381624460220337,True,0.0002214460220336667
fastflow,capsule,crack/017.png,0.984278,0.9841395616531372,True,0.00013843834686277923
fastflow,capsule,crack/020.png,0.973223,0.9734002351760864,True,0.00017723517608647654
fastflow,capsule,crack/022.png,1.0,1.0,True,0.0
fastflow,capsule,faulty_imprint/001.png,0.418621,0.4190521240234375,True,0.00043112402343747913
fastflow,capsule,faulty_imprint/009.png,0.629576,0.6300875544548035,True,0.0005115544548034423
fastflow,capsule,faulty_imprint/011.png,0.431261,0.43096423149108887,True,0.00029676850891113826
fastflow,capsule,faulty_imprint/012.png,0.675413,0.6753596067428589,True,5.339325714115439e-05
fastflow,capsule,faulty_imprint/016.png,0.652861,0.6537244319915771,True,0.0008634319915771238
fastflow,capsule,faulty_imprint/018.png,0.611059,0.6112390756607056,True,0.0001800756607055476
fastflow,capsule,faulty_imprint/019.png,0.566626,0.5672507286071777,True,0.0006247286071777713
fastflow,capsule,faulty_imprint/020.png,0.923743,0.9238555431365967,True,0.0001125431365966989
fastflow,capsule,good/000.png,0.60778,0.608182430267334,True,0.00040243026733399745
fastflow,capsule,good/001.png,0.052941,0.05235317349433899,True,0.0005878265056610127
fastflow,capsule,good/002.png,0.480199,0.48016053438186646,True,3.846561813353189e-05
fastflow,capsule,good/005.png,0.084311,0.08533838391304016,True,0.001027383913040164
fastflow,capsule,good/006.png,0.813723,0.8189031481742859,True,0.0051801481742859146
fastflow,capsule,good/008.png,0.406006,0.3979264497756958,True,0.008079550224304177
fastflow,capsule,good/011.png,0.616265,0.6154190301895142,True,0.0008459698104857916
fastflow,capsule,good/014.png,0.361389,0.37456589937210083,True,0.013176899372100814
fastflow,capsule,good/016.png,0.337125,0.3364983797073364,True,0.0006266202926635822
fastflow,capsule,good/017.png,0.244927,0.24720138311386108,True,0.002274383113861078
fastflow,capsule,good/018.png,0.367459,0.36528849601745605,True,0.0021705039825439254
fastflow,capsule,good/021.png,0.794586,0.7956506013870239,True,0.0010646013870239113
fastflow,capsule,poke/002.png,0.525287,0.5255361199378967,True,0.0002491199378967801
fastflow,capsule,poke/003.png,0.86852,0.8677186965942383,True,0.0008013034057616775
fastflow,capsule,poke/004.png,0.933036,0.9328747987747192,True,0.00016120122528073821
fastflow,capsule,poke/005.png,0.761835,0.7628253102302551,True,0.000990310230255087
fastflow,capsule,poke/006.png,0.648309,0.6486386656761169,True,0.0003296656761169192
fastflow,capsule,poke/007.png,0.841146,0.8405689001083374,True,0.0005770998916625469
fastflow,capsule,poke/008.png,1.0,1.0,True,0.0
fastflow,capsule,poke/010.png,0.578219,0.5779596567153931,True,0.0002593432846069721
fastflow,capsule,poke/011.png,0.885881,0.8875143527984619,True,0.0016333527984618845
fastflow,capsule,poke/015.png,0.630029,0.6286969184875488,True,0.001332081512451122
fastflow,capsule,poke/017.png,0.967537,0.9678206443786621,True,0.000283644378662129
fastflow,capsule,poke/018.png,0.689605,0.6897302269935608,True,0.0001252269935607675
fastflow,capsule,poke/019.png,0.715766,0.7162184119224548,True,0.00045241192245482065
fastflow,capsule,poke/020.png,0.871897,0.8719919919967651,True,9.499199676510361e-05
fastflow,capsule,scratch/000.png,0.78027,0.7778189182281494,True,0.002451081771850605
fastflow,capsule,scratch/002.png,0.677499,0.6796259880065918,True,0.0021269880065918345
fastflow,capsule,scratch/003.png,0.679166,0.6785024404525757,True,0.0006635595474243638
fastflow,capsule,scratch/005.png,0.58028,0.5804441571235657,True,0.00016415712356565582
fastflow,capsule,scratch/006.png,0.803456,0.8025117516517639,True,0.000944248348236032
fastflow,capsule,scratch/007.png,0.826647,0.8263339996337891,True,0.00031300036621095817
fastflow,capsule,scratch/008.png,0.898908,0.899421751499176,True,0.0005137514991759851
fastflow,capsule,scratch/011.png,0.969663,0.9699192047119141,True,0.00025620471191400984
fastflow,capsule,scratch/016.png,0.935729,0.9356726408004761,True,5.6359199523958736e-05
fastflow,capsule,scratch/019.png,0.919559,0.9194163084030151,True,0.00014269159698487854
fastflow,capsule,scratch/020.png,0.954961,0.9543038606643677,True,0.000657139335632273
fastflow,capsule,scratch/021.png,0.475549,0.4748571515083313,True,0.0006918484916687007
fastflow,capsule,scratch/022.png,0.941567,0.9415903091430664,True,2.3309143066363447e-05
fastflow,capsule,squeeze/000.png,1.0,1.0,True,0.0
fastflow,capsule,squeeze/003.png,1.0,1.0,True,0.0
fastflow,capsule,squeeze/004.png,1.0,1.0,True,0.0
fastflow,capsule,squeeze/006.png,1.0,1.0,True,0.0
fastflow,capsule,squeeze/009.png,1.0,1.0,True,0.0
fastflow,capsule,squeeze/011.png,1.0,1.0,True,0.0
fastflow,capsule,squeeze/013.png,1.0,1.0,True,0.0
fastflow,capsule,squeeze/014.png,1.0,1.0,True,0.0
fastflow,capsule,squeeze/015.png,1.0,1.0,True,0.0
fastflow,capsule,squeeze/017.png,1.0,1.0,True,0.0
fastflow,carpet,color/002.png,0.419626,0.4202812612056732,True,0.0006552612056732188
fastflow,carpet,color/004.png,0.502764,0.5033928751945496,True,0.0006288751945495719
fastflow,carpet,color/006.png,0.152977,0.15226659178733826,True,0.000710408212661745
fastflow,carpet,color/009.png,0.685447,0.6855737566947937,True,0.00012675669479367269
fastflow,carpet,color/011.png,0.795513,0.795401930809021,True,0.00011106919097902956
fastflow,carpet,color/013.png,0.786196,0.7861847877502441,True,1.1212249755865322e-05
fastflow,carpet,color/015.png,0.771081,0.7709343433380127,True,0.00014665666198732108
fastflow,carpet,color/016.png,0.605213,0.6070188283920288,True,0.0018058283920288076
fastflow,carpet,color/017.png,0.678993,0.6809425950050354,True,0.0019495950050354427
fastflow,carpet,color/018.png,0.679876,0.6805828213691711,True,0.0007068213691711067
fastflow,carpet,cut/001.png,0.676052,0.6761382222175598,True,8.622221755982817e-05
fastflow,carpet,cut/002.png,0.769827,0.7700391411781311,True,0.00021214117813106448
fastflow,carpet,cut/008.png,0.520967,0.5198631882667542,True,0.0011038117332458075
fastflow,carpet,cut/013.png,0.727619,0.7273149490356445,True,0.0003040509643554845
fastflow,carpet,cut/016.png,0.673695,0.6731529235839844,True,0.0005420764160156688
fastflow,carpet,good/000.png,0.0,0.0,True,0.0
fastflow,carpet,good/004.png,0.229808,0.2300012707710266,True,0.00019327077102659906
fastflow,carpet,good/007.png,0.046949,0.04673892259597778,True,0.00021007740402221448
fastflow,carpet,good/008.png,0.119607,0.11989131569862366,True,0.00028431569862365225
fastflow,carpet,good/009.png,0.091702,0.0889451801776886,True,0.002756819822311407
fastflow,carpet,good/010.png,0.0,0.0,True,0.0
fastflow,carpet,good/012.png,0.407741,0.40714290738105774,True,0.0005980926189422808
fastflow,carpet,good/014.png,0.233929,0.23237639665603638,True,0.001552603343963621
fastflow,carpet,good/016.png,0.0,0.0,True,0.0
fastflow,carpet,good/017.png,0.0,0.0,True,0.0
fastflow,carpet,good/018.png,0.004382,0.002934485673904419,True,0.0014475143260955807
fastflow,carpet,good/020.png,0.0,0.0,True,0.0
fastflow,carpet,good/022.png,0.207267,0.20712235569953918,True,0.00014464430046082222
fastflow,carpet,good/024.png,0.006327,0.0049755871295928955,True,0.0013514128704071047
fastflow,carpet,hole/000.png,0.56041,0.5606932640075684,True,0.00028326400756839565
fastflow,carpet,hole/002.png,0.758751,0.7588775157928467,True,0.00012651579284672643
fastflow,carpet,hole/003.png,0.742965,0.7428745627403259,True,9.04372596740588e-05
fastflow,carpet,hole/004.png,0.72392,0.7240233421325684,True,0.00010334213256835145
fastflow,carpet,hole/006.png,0.765959,0.7656633853912354,True,0.0002956146087645939
fastflow,carpet,hole/009.png,0.755033,0.754898190498352,True,0.0001348095016479034
fastflow,carpet,hole/011.png,0.705258,0.7051970362663269,True,6.0963733673147225e-05
fastflow,carpet,hole/012.png,0.609507,0.6097933053970337,True,0.0002863053970336704
fastflow,carpet,hole/013.png,0.668036,0.6682925224304199,True,0.0002565224304199587
fastflow,carpet,hole/015.png,0.76165,0.7619060277938843,True,0.00025602779388422814
fastflow,carpet,hole/016.png,0.652948,0.6530219316482544,True,7.393164825442167e-05
fastflow,carpet,metal_contamination/001.png,0.273798,0.27306032180786133,True,0.0007376781921386577
fastflow,carpet,metal_contamination/002.png,0.701038,0.7009031772613525,True,0.00013482273864751093
fastflow,carpet,metal_contamination/003.png,0.76225,0.7625088691711426,True,0.000258869171142595
fastflow,carpet,metal_contamination/004.png,0.583601,0.5826761722564697,True,0.0009248277435303098
fastflow,carpet,metal_contamination/008.png,0.741484,0.7416181564331055,True,0.0001341564331054368
fastflow,carpet,metal_contamination/011.png,0.659217,0.6577892899513245,True,0.00142771004867559
fastflow,carpet,metal_contamination/012.png,0.60757,0.6060015559196472,True,0.0015684440803528377
fastflow,carpet,metal_contamination/014.png,0.491877,0.49261337518692017,True,0.0007363751869201574
fastflow,carpet,metal_contamination/016.png,0.673764,0.6742039918899536,True,0.00043999188995358374
fastflow,carpet,thread/000.png,0.746078,0.746170699596405,True,9.269959640501035e-05
fastflow,carpet,thread/001.png,0.642456,0.6418253183364868,True,0.0006306816635132106
fastflow,carpet,thread/003.png,0.66598,0.6650883555412292,True,0.0008916444587707684
fastflow,carpet,thread/005.png,0.767195,0.7667868137359619,True,0.00040818626403804625
fastflow,carpet,thread/011.png,0.685129,0.6839770674705505,True,0.001151932529449451
fastflow,carpet,thread/012.png,0.764489,0.7649953365325928,True,0.0005063365325927993
fastflow,carpet,thread/015.png,0.135162,0.13532382249832153,True,0.00016182249832152884
fastflow,carpet,thread/016.png,0.528793,0.5276272892951965,True,0.0011657107048034243
fastflow,carpet,thread/017.png,0.735058,0.734961748123169,True,9.625187683104386e-05
fastflow,carpet,thread/018.png,0.239658,0.23831942677497864,True,0.0013385732250213722
fastflow,screw,good/000.png,0.654796,0.6538257002830505,True,0.0009702997169495076
fastflow,screw,good/002.png,0.998809,0.9980202913284302,True,0.0007887086715697711
fastflow,screw,good/007.png,0.539054,0.5590265989303589,True,0.019972598930358854
fastflow,screw,good/010.png,0.801405,0.7995840311050415,True,0.00182096889495853
fastflow,screw,good/011.png,0.821963,0.8215376138687134,True,0.0004253861312866203
fastflow,screw,good/013.png,1.0,1.0,True,0.0
fastflow,screw,good/015.png,0.697335,0.6954742670059204,True,0.001860732994079628
fastflow,screw,good/016.png,0.697207,0.6946700215339661,True,0.0025369784660339567
fastflow,screw,good/017.png,0.650154,0.6497042179107666,True,0.0004497820892334081
fastflow,screw,good/021.png,0.542346,0.5480880737304688,True,0.005742073730468755
fastflow,screw,good/024.png,0.746505,0.7464961409568787,True,8.859043121312027e-06
fastflow,screw,good/027.png,0.862041,0.8632209300994873,True,0.0011799300994873585
fastflow,screw,good/028.png,0.624513,0.6299002170562744,True,0.005387217056274429
fastflow,screw,good/029.png,0.70098,0.6988620758056641,True,0.002117924194335985
fastflow,screw,good/030.png,0.821477,0.8205703496932983,True,0.0009066503067016729
fastflow,screw,good/031.png,0.744102,0.7474911212921143,True,0.0033891212921142166
fastflow,screw,good/032.png,0.958929,0.9604771137237549,True,0.0015481137237548515
fastflow,screw,good/034.png,0.491153,0.4917972683906555,True,0.0006442683906555113
fastflow,screw,good/035.png,0.781463,0.7845007181167603,True,0.003037718116760235
fastflow,screw,good/037.png,0.703174,0.6980072259902954,True,0.005166774009704556
fastflow,screw,good/039.png,0.486244,0.4856630861759186,True,0.0005809138240814304
fastflow,screw,manipulated_front/004.png,0.7265,0.7282974123954773,True,0.0017974123954772603
fastflow,screw,manipulated_front/009.png,1.0,1.0,True,0.0
fastflow,screw,manipulated_front/010.png,0.952955,0.9613460302352905,True,0.00839103023529053
fastflow,screw,manipulated_front/011.png,0.8076,0.8098902702331543,True,0.0022902702331543123
fastflow,screw,manipulated_front/012.png,1.0,1.0,True,0.0
fastflow,screw,manipulated_front/013.png,1.0,1.0,True,0.0
fastflow,screw,manipulated_front/015.png,1.0,1.0,True,0.0
fastflow,screw,manipulated_front/016.png,1.0,1.0,True,0.0
fastflow,screw,manipulated_front/020.png,0.748356,0.7488174438476562,True,0.0004614438476562288
fastflow,screw,manipulated_front/022.png,0.842948,0.8429476022720337,True,3.977279663391897e-07
fastflow,screw,scratch_head/001.png,1.0,1.0,True,0.0
fastflow,screw,scratch_head/007.png,0.921486,0.9204127192497253,True,0.0010732807502746855
fastflow,screw,scratch_head/009.png,0.889035,0.8942568898200989,True,0.005221889820098857
fastflow,screw,scratch_head/012.png,0.774289,0.7726155519485474,True,0.0016734480514526417
fastflow,screw,scratch_head/014.png,0.725497,0.7234090566635132,True,0.002087943336486764
fastflow,screw,scratch_head/015.png,0.915975,0.9171271324157715,True,0.0011521324157715007
fastflow,screw,scratch_head/016.png,0.939662,0.941093921661377,True,0.0014319216613769559
fastflow,screw,scratch_head/018.png,0.898384,0.9040230512619019,True,0.005639051261901895
fastflow,screw,scratch_head/020.png,0.672094,0.6716500520706177,True,0.00044394792938229344
fastflow,screw,scratch_head/022.png,1.0,0.9828416109085083,True,0.0171583890914917
fastflow,screw,scratch_head/023.png,0.956483,0.9572277069091797,True,0.0007447069091797154
fastflow,screw,scratch_neck/000.png,1.0,1.0,True,0.0
fastflow,screw,scratch_neck/001.png,1.0,1.0,True,0.0
fastflow,screw,scratch_neck/002.png,0.762451,0.7642432451248169,True,0.0017922451248169047
fastflow,screw,scratch_neck/005.png,0.701502,0.699015736579895,True,0.0024862634201049394
fastflow,screw,scratch_neck/009.png,1.0,1.0,True,0.0
fastflow,screw,scratch_neck/010.png,0.837188,0.8392431735992432,True,0.002055173599243121
fastflow,screw,scratch_neck/011.png,1.0,1.0,True,0.0
fastflow,screw,scratch_neck/012.png,0.991826,0.9862251281738281,True,0.00560087182617186
fastflow,screw,scratch_neck/015.png,0.83867,0.8411522507667542,True,0.002482250766754124
fastflow,screw,scratch_neck/016.png,0.840841,0.8401972055435181,True,0.0006437944564818832
fastflow,screw,scratch_neck/019.png,0.882305,0.8828807473182678,True,0.0005757473182678163
fastflow,screw,scratch_neck/020.png,1.0,1.0,True,0.0
fastflow,screw,scratch_neck/021.png,0.553965,0.5543287992477417,True,0.0003637992477416585
fastflow,screw,scratch_neck/024.png,1.0,1.0,True,0.0
fastflow,screw,thread_side/000.png,0.969007,0.9679099321365356,True,0.0010970678634643072
fastflow,screw,thread_side/002.png,0.639682,0.6398376822471619,True,0.00015568224716189238
fastflow,screw,thread_side/003.png,0.772178,0.7737054824829102,True,0.0015274824829101252
fastflow,screw,thread_side/005.png,1.0,1.0,True,0.0
fastflow,screw,thread_side/011.png,0.939459,0.9399226903915405,True,0.0004636903915404833
fastflow,screw,thread_side/013.png,0.540766,0.5406119227409363,True,0.00015407725906368963
fastflow,screw,thread_side/014.png,0.666885,0.6692435145378113,True,0.0023585145378113292
fastflow,screw,thread_side/015.png,1.0,1.0,True,0.0
fastflow,screw,thread_side/016.png,0.85091,0.8521791100502014,True,0.0012691100502013608
fastflow,screw,thread_side/017.png,0.702334,0.7022672891616821,True,6.671083831788494e-05
fastflow,screw,thread_side/020.png,0.710931,0.7116415500640869,True,0.0007105500640869344
fastflow,screw,thread_side/021.png,0.661066,0.6611668467521667,True,0.00010084675216670558
fastflow,screw,thread_top/000.png,0.816768,0.8177539706230164,True,0.0009859706230163079
fastflow,screw,thread_top/001.png,0.898348,0.8987563848495483,True,0.00040838484954830445
fastflow,screw,thread_top/003.png,0.629288,0.6302777528762817,True,0.0009897528762817798
fastflow,screw,thread_top/005.png,0.856695,0.8569531440734863,True,0.00025814407348634383
fastflow,screw,thread_top/006.png,1.0,1.0,True,0.0
fastflow,screw,thread_top/007.png,0.881255,0.8808974027633667,True,0.00035759723663331133
fastflow,screw,thread_top/008.png,0.6714,0.6752205491065979,True,0.0038205491065979036
fastflow,screw,thread_top/009.png,1.0,1.0,True,0.0
fastflow,screw,thread_top/010.png,0.813261,0.8137509822845459,True,0.0004899822845458868
fastflow,screw,thread_top/011.png,1.0,1.0,True,0.0
fastflow,screw,thread_top/013.png,0.793073,0.7925262451171875,True,0.0005467548828125279
fastflow,screw,thread_top/015.png,0.7271,0.7272025346755981,True,0.00010253467559817597
fastflow,screw,thread_top/019.png,0.804798,0.8059223890304565,True,0.0011243890304565296
fastflow,pill,color/004.png,0.893276,0.8932337760925293,True,4.222390747066207e-05
fastflow,pill,color/005.png,0.899788,0.8997882604598999,True,2.6045989987011353e-07
fastflow,pill,color/006.png,0.563248,0.5628440380096436,True,0.0004039619903564162
fastflow,pill,color/009.png,0.824093,0.8249520063400269,True,0.000859006340026891
fastflow,pill,color/010.png,0.866387,0.8694140315055847,True,0.0030270315055846986
fastflow,pill,color/016.png,0.496012,0.4964198172092438,True,0.00040781720924376597
fastflow,pill,color/018.png,0.615965,0.6177043914794922,True,0.0017393914794922027
fastflow,pill,color/019.png,0.816238,0.8162646293640137,True,2.662936401365279e-05
fastflow,pill,color/020.png,0.75548,0.7552616596221924,True,0.00021834037780765758
fastflow,pill,combined/000.png,0.730696,0.7303328514099121,True,0.0003631485900879028
fastflow,pill,combined/003.png,0.816128,0.8164684772491455,True,0.0003404772491455432
fastflow,pill,combined/004.png,0.81856,0.818305253982544,True,0.000254746017456009
fastflow,pill,combined/005.png,0.844203,0.8441779613494873,True,2.503865051273202e-05
fastflow,pill,combined/007.png,0.378931,0.3782062530517578,True,0.0007247469482422053
fastflow,pill,combined/008.png,0.873278,0.8740825057029724,True,0.0008045057029724134
fastflow,pill,combined/010.png,0.730253,0.7300037145614624,True,0.0002492854385376386
fastflow,pill,combined/011.png,0.848864,0.8495659828186035,True,0.0007019828186035637
fastflow,pill,combined/014.png,0.896455,0.8964815139770508,True,2.6513977050779403e-05
fastflow,pill,combined/015.png,0.858322,0.8587983846664429,True,0.0004763846664428417
fastflow,pill,contamination/004.png,0.387242,0.38729190826416016,True,4.9908264160181126e-05
fastflow,pill,contamination/008.png,0.549832,0.5506103038787842,True,0.0007783038787841923
fastflow,pill,contamination/010.png,0.486994,0.48769494891166687,True,0.0007009489116668877
fastflow,pill,contamination/014.png,0.765693,0.7656620144844055,True,3.0985515594439406e-05
fastflow,pill,contamination/017.png,0.780435,0.7793055772781372,True,0.0011294227218627828
fastflow,pill,contamination/018.png,0.810205,0.8108906149864197,True,0.0006856149864197247
fastflow,pill,contamination/020.png,0.779338,0.7793939113616943,True,5.591136169436073e-05
fastflow,pill,crack/000.png,0.820472,0.8213218450546265,True,0.0008498450546264857
fastflow,pill,crack/002.png,0.856805,0.856630265712738,True,0.00017473428726200169
fastflow,pill,crack/006.png,0.793617,0.7926956415176392,True,0.0009213584823608567
fastflow,pill,crack/009.png,0.656258,0.6566920280456543,True,0.0004340280456542889
fastflow,pill,crack/010.png,0.418304,0.4142320156097412,True,0.004071984390258798
fastflow,pill,crack/013.png,0.455735,0.45346149802207947,True,0.0022735019779205334
fastflow,pill,crack/014.png,0.372144,0.3740864396095276,True,0.001942439609527613
fastflow,pill,crack/015.png,0.431939,0.4311096966266632,True,0.0008293033733368094
fastflow,pill,crack/016.png,0.678269,0.6772200465202332,True,0.0010489534797668565
fastflow,pill,crack/018.png,0.638242,0.6395285129547119,True,0.001286512954711938
fastflow,pill,crack/019.png,0.720232,0.7179561257362366,True,0.002275874263763411
fastflow,pill,crack/023.png,0.451626,0.45220711827278137,True,0.0005811182727813446
fastflow,pill,crack/024.png,0.104104,0.10402971506118774,True,7.428493881225795e-05
fastflow,pill,faulty_imprint/002.png,0.773794,0.7755832076072693,True,0.0017892076072693053
fastflow,pill,faulty_imprint/004.png,0.406534,0.4076879322528839,True,0.0011539322528839047
fastflow,pill,faulty_imprint/009.png,0.600141,0.6000656485557556,True,7.535144424442031e-05
fastflow,pill,faulty_imprint/011.png,0.618619,0.6190798282623291,True,0.0004608282623290716
fastflow,pill,faulty_imprint/014.png,0.6436,0.6457479596138,True,0.002147959613800099
fastflow,pill,faulty_imprint/015.png,0.604274,0.6033005118370056,True,0.0009734881629943626
fastflow,pill,good/000.png,0.115147,0.11452049016952515,True,0.0006265098304748529
fastflow,pill,good/001.png,0.008187,0.010043174028396606,True,0.0018561740283966066
fastflow,pill,good/002.png,0.152213,0.15207257866859436,True,0.00014042133140562685
fastflow,pill,good/004.png,0.324555,0.3221012353897095,True,0.0024537646102905097
fastflow,pill,good/006.png,0.605525,0.6108779907226562,True,0.00535299072265627
fastflow,pill,good/007.png,0.11814,0.12365216016769409,True,0.005512160167694097
fastflow,pill,good/008.png,0.0,0.0,True,0.0
fastflow,pill,good/012.png,0.097992,0.10515373945236206,True,0.007161739452362065
fastflow,pill,good/013.png,0.0,0.0,True,0.0
fastflow,pill,good/015.png,0.013084,0.01714298129081726,True,0.004058981290817261
fastflow,pill,good/018.png,0.223506,0.22429922223091125,True,0.0007932222309112447
fastflow,pill,good/022.png,0.081461,0.08064004778862,True,0.0008209522113800105
fastflow,pill,good/024.png,0.537624,0.5386712551116943,True,0.0010472551116943452
fastflow,pill,pill_type/000.png,0.847291,0.8475182056427002,True,0.00022720564270017896
fastflow,pill,pill_type/001.png,0.873509,0.8738996982574463,True,0.00039069825744630915
fastflow,pill,pill_type/002.png,0.898691,0.8987029790878296,True,1.1979087829572244e-05
fastflow,pill,pill_type/003.png,0.890348,0.8903577327728271,True,9.73277282712015e-06
fastflow,pill,pill_type/004.png,0.880764,0.8810685873031616,True,0.00030458730316162974
fastflow,pill,pill_type/006.png,0.872315,0.8717376589775085,True,0.0005773410224914066
fastflow,pill,scratch/001.png,0.435356,0.4349921941757202,True,0.0003638058242798059
fastflow,pill,scratch/002.png,0.509285,0.5093932747840881,True,0.00010827478408814706
fastflow,pill,scratch/004.png,0.452005,0.4508174955844879,True,0.001187504415512075
fastflow,pill,scratch/005.png,0.441186,0.44184643030166626,True,0.0006604303016662372
fastflow,pill,scratch/006.png,0.720878,0.7208435535430908,True,3.444645690919845e-05
fastflow,pill,scratch/007.png,0.442816,0.4408671259880066,True,0.0019488740119933956
fastflow,pill,scratch/008.png,0.237303,0.2314075231552124,True,0.005895476844787584
fastflow,pill,scratch/009.png,0.487509,0.4888250231742859,True,0.001316023174285863
fastflow,pill,scratch/010.png,0.730404,0.7303642630577087,True,3.973694229131297e-05
fastflow,pill,scratch/012.png,0.290753,0.29767608642578125,True,0.006923086425781266
fastflow,pill,scratch/013.png,0.513891,0.5151385068893433,True,0.001247506889343275
fastflow,pill,scratch/014.png,0.747822,0.7477259039878845,True,9.609601211546526e-05
fastflow,pill,scratch/015.png,0.567506,0.5673656463623047,True,0.00014035363769526743
fastflow,pill,scratch/016.png,0.414062,0.41955137252807617,True,0.005489372528076186
fastflow,pill,scratch/017.png,0.305156,0.2928878366947174,True,0.012268163305282576
fastflow,pill,scratch/019.png,0.788488,0.7881858944892883,True,0.0003021055107116366
fastflow,pill,scratch/020.png,0.782568,0.7828490734100342,True,0.0002810734100341383
fastflow,pill,scratch/021.png,0.821495,0.8218587636947632,True,0.00036376369476320836
fastflow,pill,scratch/022.png,0.435332,0.4356587827205658,True,0.00032678272056579916
fastflow,pill,scratch/023.png,0.878617,0.8781915903091431,True,0.00042540969085691493
efficientad,metal_nut,bent/000.png,0.577033,0.5770328044891357,True,1.9551086427593845e-07
efficientad,metal_nut,bent/003.png,0.554058,0.5540525913238525,True,5.408676147511393e-06
efficientad,metal_nut,bent/004.png,0.523006,0.5230053663253784,True,6.336746215529487e-07
efficientad,metal_nut,bent/007.png,0.516471,0.5164767503738403,True,5.750373840318623e-06
efficientad,metal_nut,bent/008.png,0.535403,0.5354111790657043,True,8.179065704383426e-06
efficientad,metal_nut,bent/010.png,0.52578,0.5257810950279236,True,1.0950279235588667e-06
efficientad,metal_nut,bent/013.png,0.569806,0.5698092579841614,True,3.2579841613422644e-06
efficientad,metal_nut,bent/017.png,0.542365,0.5423728227615356,True,7.822761535658529e-06
efficientad,metal_nut,bent/018.png,0.524285,0.5242840051651001,True,9.94834899903374e-07
efficientad,metal_nut,bent/020.png,0.560725,0.560729444026947,True,4.44402694699253e-06
efficientad,metal_nut,bent/024.png,0.53198,0.5319940447807312,True,1.4044780731192752e-05
efficientad,metal_nut,color/003.png,0.569653,0.5696591138839722,True,6.113883972203027e-06
efficientad,metal_nut,color/004.png,0.538973,0.5389824509620667,True,9.450962066614998e-06
efficientad,metal_nut,color/006.png,0.531892,0.5319087505340576,True,1.6750534057585753e-05
efficientad,metal_nut,color/008.png,0.539221,0.5392194986343384,True,1.501365661571441e-06
efficientad,metal_nut,color/009.png,0.563623,0.5636231303215027,True,1.3032150270042564e-07
efficientad,metal_nut,color/011.png,0.557475,0.557478666305542,True,3.666305541938364e-06
efficientad,metal_nut,color/012.png,0.713459,0.7134535312652588,True,5.468734741165271e-06
efficientad,metal_nut,color/014.png,0.581096,0.5810937881469727,True,2.2118530272896564e-06
efficientad,metal_nut,color/018.png,0.643728,0.6437222957611084,True,5.704238891568458e-06
efficientad,metal_nut,color/019.png,0.678255,0.678255558013916,True,5.580139159633291e-07
efficientad,metal_nut,color/020.png,0.681349,0.6813392043113708,True,9.795688629132826e-06
efficientad,metal_nut,color/021.png,0.542224,0.5422267317771912,True,2.7317771911228306e-06
efficientad,metal_nut,flip/001.png,0.696035,0.696047842502594,True,1.2842502594034855e-05
efficientad,metal_nut,flip/004.png,0.589718,0.589716374874115,True,1.62512588497421e-06
efficientad,metal_nut,flip/006.png,0.585279,0.5852619409561157,True,1.705904388427104e-05
efficientad,metal_nut,flip/007.png,0.579254,0.5792626142501831,True,8.614250183058836e-06
efficientad,metal_nut,flip/008.png,0.563536,0.5635111331939697,True,2.486680603031033e-05
efficientad,metal_nut,flip/009.png,0.62411,0.6241010427474976,True,8.957252502495017e-06
efficientad,metal_nut,flip/012.png,0.543833,0.5438232421875,True,9.757812500010843e-06
efficientad,metal_nut,flip/013.png,0.617152,0.6171200275421143,True,3.197245788577607e-05
efficientad,metal_nut,flip/014.png,0.544528,0.5445299744606018,True,1.9744606017946253e-06
efficientad,metal_nut,flip/015.png,0.571917,0.5718907713890076,True,2.6228610992440338e-05
efficientad,metal_nut,flip/017.png,0.598582,0.5985946655273438,True,1.2665527343802552e-05
efficientad,metal_nut,flip/018.png,0.583132,0.583131730556488,True,2.6944351194657656e-07
efficientad,metal_nut,flip/020.png,0.533287,0.5332776308059692,True,9.369194030717232e-06
efficientad,metal_nut,good/002.png,0.487149,0.48714661598205566,True,2.3840179443346265e-06
efficientad,metal_nut,good/003.png,0.485231,0.48523446917533875,True,3.4691753387217084e-06
efficientad,metal_nut,good/004.png,0.486665,0.4866666793823242,True,1.6793823242045036e-06
efficientad,metal_nut,good/006.png,0.48706,0.4870610535144806,True,1.0535144805978724e-06
efficientad,metal_nut,good/008.png,0.491426,0.491426557302475,True,5.573024750016309e-07
efficientad,metal_nut,good/011.png,0.490108,0.49010735750198364,True,6.424980163455274e-07
efficientad,metal_nut,good/016.png,0.523742,0.5237433910369873,True,1.3910369872638384e-06
efficientad,metal_nut,good/017.png,0.48808,0.48808053135871887,True,5.313587188582325e-07
efficientad,metal_nut,good/018.png,0.486023,0.48603272438049316,True,9.72438049318125e-06
efficientad,metal_nut,good/020.png,0.484912,0.4849104583263397,True,1.5416736602880121e-06
efficientad,metal_nut,good/021.png,0.485903,0.4858965277671814,True,6.472232818577339e-06
efficientad,metal_nut,scratch/007.png,0.54048,0.5404824018478394,True,2.4018478393950105e-06
efficientad,metal_nut,scratch/008.png,0.534701,0.5347001552581787,True,8.447418212709223e-07
efficientad,metal_nut,scratch/011.png,0.527977,0.5279841423034668,True,7.1423034667672525e-06
efficientad,metal_nut,scratch/012.png,0.559049,0.5590616464614868,True,1.2646461486798266e-05
efficientad,metal_nut,scratch/014.png,0.541977,0.5419787168502808,True,1.7168502807196617e-06
efficientad,metal_nut,scratch/015.png,0.537226,0.5372266173362732,True,6.173362732120324e-07
efficientad,metal_nut,scratch/016.png,0.530253,0.5302546620368958,True,1.6620368957775966e-06
efficientad,metal_nut,scratch/017.png,0.573138,0.5731415152549744,True,3.5152549743289185e-06
efficientad,metal_nut,scratch/018.png,0.548134,0.5481335520744324,True,4.4792556763706415e-07
efficientad,metal_nut,scratch/021.png,0.508927,0.5089313983917236,True,4.398391723614559e-06
efficientad,metal_nut,scratch/022.png,0.488353,0.48835641145706177,True,3.4114570617860274e-06
efficientad,hazelnut,crack/000.png,0.776918,0.7769158482551575,True,2.1517448425267816e-06
efficientad,hazelnut,crack/002.png,0.507175,0.5071730017662048,True,1.9982337952084706e-06
efficientad,hazelnut,crack/007.png,0.639743,0.6396887898445129,True,5.4210155487011136e-05
efficientad,hazelnut,crack/012.png,0.504148,0.5041441917419434,True,3.8082580566811686e-06
efficientad,hazelnut,crack/015.png,0.562841,0.5628427863121033,True,1.7863121032357654e-06
efficientad,hazelnut,crack/016.png,0.533671,0.5336719155311584,True,9.155311584407855e-07
efficientad,hazelnut,crack/017.png,0.581018,0.5810372829437256,True,1.9282943725551505e-05
efficientad,hazelnut,cut/000.png,0.493748,0.49374920129776,True,1.2012977599895613e-06
efficientad,hazelnut,cut/001.png,0.496988,0.4969940483570099,True,6.048357009902361e-06
efficientad,hazelnut,cut/002.png,0.498802,0.49880245327949524,True,4.53279495216119e-07
efficientad,hazelnut,cut/004.png,0.496955,0.49694928526878357,True,5.714731216410751e-06
efficientad,hazelnut,cut/005.png,0.504304,0.5043140053749084,True,1.0005374908472753e-05
efficientad,hazelnut,cut/009.png,0.494085,0.49408191442489624,True,3.0855751037561774e-06
efficientad,hazelnut,cut/010.png,0.49456,0.49455973505973816,True,2.649402618404295e-07
efficientad,hazelnut,cut/011.png,0.534746,0.5346970558166504,True,4.8944183349663994e-05
efficientad,hazelnut,cut/012.png,0.500506,0.5004981756210327,True,7.824378967291601e-06
efficientad,hazelnut,cut/015.png,0.541039,0.5410362482070923,True,2.751792907762507e-06
efficientad,hazelnut,good/000.png,0.489587,0.4895898997783661,True,2.899778366094452e-06
efficientad,hazelnut,good/002.png,0.490378,0.4903773069381714,True,6.93061828593855e-07
efficientad,hazelnut,good/003.png,0.494782,0.49477478861808777,True,7.21138191223103e-06
efficientad,hazelnut,good/004.png,0.492325,0.49232375621795654,True,1.2437820434696434e-06
efficientad,hazelnut,good/007.png,0.491115,0.4911176562309265,True,2.656230926489922e-06
efficientad,hazelnut,good/008.png,0.499522,0.499525785446167,True,3.7854461669706296e-06
efficientad,hazelnut,good/009.png,0.490694,0.4906928241252899,True,1.175874710102054e-06
efficientad,hazelnut,good/013.png,0.493297,0.4932999312877655,True,2.931287765517432e-06
efficientad,hazelnut,good/014.png,0.492098,0.49210119247436523,True,3.192474365254494e-06
efficientad,hazelnut,good/015.png,0.496178,0.49617424607276917,True,3.7539272308428906e-06
efficientad,hazelnut,good/017.png,0.489103,0.4891027510166168,True,2.489833831886834e-07
efficientad,hazelnut,good/018.png,0.497775,0.49778228998184204,True,7.289981842018012e-06
efficientad,hazelnut,good/022.png,0.488785,0.4887835681438446,True,1.431856155420519e-06
efficientad,hazelnut,good/023.png,0.489921,0.4899177849292755,True,3.2150707244826826e-06
efficientad,hazelnut,good/027.png,0.490681,0.4906802475452423,True,7.524547576687191e-07
efficientad,hazelnut,good/029.png,0.502523,0.5025293231010437,True,6.323101043648194e-06
efficientad,hazelnut,good/032.png,0.491728,0.49172770977020264,True,2.902297973617074e-07
efficientad,hazelnut,good/035.png,0.48945,0.48944589495658875,True,4.105043411251064e-06
efficientad,hazelnut,good/037.png,0.498713,0.49869969487190247,True,1.3305128097551577e-05
efficientad,hazelnut,good/038.png,0.495516,0.49552038311958313,True,4.383119583117878e-06
efficientad,hazelnut,hole/002.png,0.682782,0.682732343673706,True,4.965632629394534e-05
efficientad,hazelnut,hole/003.png,0.582751,0.5827550292015076,True,4.029201507549374e-06
efficientad,hazelnut,hole/006.png,0.583002,0.582987368106842,True,1.4631893157979192e-05
efficientad,hazelnut,hole/007.png,1.0,1.0,True,0.0
efficientad,hazelnut,hole/008.png,0.609727,0.6097341775894165,True,7.177589416484942e-06
efficientad,hazelnut,hole/015.png,0.572132,0.5721085071563721,True,2.3492843627903603e-05
efficientad,hazelnut,hole/016.png,0.50552,0.5055215358734131,True,1.5358734131165619e-06
efficientad,hazelnut,print/002.png,1.0,1.0,True,0.0
efficientad,hazelnut,print/003.png,0.830076,0.8300559520721436,True,2.004792785648135e-05
efficientad,hazelnut,print/005.png,0.870543,0.8705839514732361,True,4.0951473236128244e-05
efficientad,hazelnut,print/006.png,0.811544,0.8115153312683105,True,2.866873168949624e-05
efficientad,hazelnut,print/008.png,1.0,1.0,True,0.0
efficientad,hazelnut,print/010.png,1.0,1.0,True,0.0
efficientad,hazelnut,print/011.png,1.0,1.0,True,0.0
efficientad,hazelnut,print/012.png,1.0,1.0,True,0.0
efficientad,hazelnut,print/013.png,0.693169,0.6931658983230591,True,3.101676940953091e-06
efficientad,hazelnut,print/015.png,0.77702,0.7769813537597656,True,3.864624023441898e-05
efficientad,hazelnut,print/016.png,1.0,1.0,True,0.0
efficientad,capsule,crack/002.png,0.570568,0.5705653429031372,True,2.657096862757058e-06
efficientad,capsule,crack/006.png,0.792133,0.7921236753463745,True,9.324653625464308e-06
efficientad,capsule,crack/007.png,0.635742,0.6357149481773376,True,2.705182266238282e-05
efficientad,capsule,crack/008.png,0.526814,0.5267927050590515,True,2.1294940948490826e-05
efficientad,capsule,crack/009.png,0.701666,0.7016976475715637,True,3.164757156370879e-05
efficientad,capsule,crack/012.png,0.566738,0.566714346408844,True,2.3653591155969877e-05
efficientad,capsule,crack/013.png,0.517119,0.5171303153038025,True,1.1315303802494903e-05
efficientad,capsule,crack/017.png,1.0,1.0,True,0.0
efficientad,capsule,crack/020.png,0.53522,0.5352198481559753,True,1.5184402468726432e-07
efficientad,capsule,crack/022.png,0.502763,0.502753734588623,True,9.265411376913057e-06
efficientad,capsule,faulty_imprint/001.png,0.54928,0.549263596534729,True,1.6403465270986572e-05
efficientad,capsule,faulty_imprint/009.png,0.570004,0.5699533224105835,True,5.067758941645906e-05
efficientad,capsule,faulty_imprint/011.png,0.52573,0.5257128477096558,True,1.7152290344268906e-05
efficientad,capsule,faulty_imprint/012.png,0.5111,0.511069655418396,True,3.0344581604002663e-05
efficientad,capsule,faulty_imprint/016.png,0.57692,0.576931357383728,True,1.1357383728038961e-05
efficientad,capsule,faulty_imprint/018.png,0.504625,0.5045861601829529,True,3.883981704710937e-05
efficientad,capsule,faulty_imprint/019.png,0.497732,0.4977465569972992,True,1.455699729918658e-05
efficientad,capsule,faulty_imprint/020.png,0.670974,0.6708690524101257,True,0.00010494758987422692
efficientad,capsule,good/000.png,0.491772,0.4917607307434082,True,1.1269256591783794e-05
efficientad,capsule,good/001.png,0.487878,0.48787760734558105,True,3.926544189236658e-07
efficientad,capsule,good/002.png,0.498917,0.49891796708106995,True,9.670810699469179e-07
efficientad,capsule,good/005.png,0.489367,0.48936498165130615,True,2.0183486938440964e-06
efficientad,capsule,good/006.png,0.512335,0.5123203992843628,True,1.4600715637191897e-05
efficientad,capsule,good/008.png,0.50243,0.5024429559707642,True,1.295597076411692e-05
efficientad,capsule,good/011.png,0.491503,0.4915010929107666,True,1.9070892334216438e-06
efficientad,capsule,good/014.png,0.490945,0.4909450113773346,True,1.1377334574458331e-08
efficientad,capsule,good/016.png,0.491862,0.4918658435344696,True,3.8435344695830764e-06
efficientad,capsule,good/017.png,0.490096,0.49009954929351807,True,3.549293518090302e-06
efficientad,capsule,good/018.png,0.494657,0.49465519189834595,True,1.8081016540660855e-06
efficientad,capsule,good/021.png,0.513963,0.513960063457489,True,2.9365425109340038e-06
efficientad,capsule,poke/002.png,0.52061,0.5205559730529785,True,5.402694702150157e-05
efficientad,capsule,poke/003.png,0.526827,0.526809811592102,True,1.7188407897994473e-05
efficientad,capsule,poke/004.png,0.585525,0.5855326056480408,True,7.605648040809321e-06
efficientad,capsule,poke/005.png,0.498449,0.4984457492828369,True,3.2507171630613563e-06
efficientad,capsule,poke/006.png,0.49922,0.49921372532844543,True,6.2746715545625165e-06
efficientad,capsule,poke/007.png,0.512666,0.5126335620880127,True,3.243791198725976e-05
efficientad,capsule,poke/008.png,0.679403,0.6793549656867981,True,4.803431320188345e-05
efficientad,capsule,poke/010.png,0.591668,0.5916482210159302,True,1.9778984069795946e-05
efficientad,capsule,poke/011.png,0.685423,0.6853573322296143,True,6.566777038574667e-05
efficientad,capsule,poke/015.png,0.619643,0.6195850372314453,True,5.796276855474236e-05
efficientad,capsule,poke/017.png,0.532188,0.5321915745735168,True,3.5745735168513093e-06
efficientad,capsule,poke/018.png,0.631852,0.6318221092224121,True,2.989077758785985e-05
efficientad,capsule,poke/019.png,0.532244,0.5322026014328003,True,4.139856719975743e-05
efficientad,capsule,poke/020.png,0.562254,0.5622389316558838,True,1.5068344116242471e-05
efficientad,capsule,scratch/000.png,0.511125,0.5111244916915894,True,5.083084106960456e-07
efficientad,capsule,scratch/002.png,0.495115,0.4951125979423523,True,2.4020576477323807e-06
efficientad,capsule,scratch/003.png,0.504504,0.5045074820518494,True,3.4820518494127484e-06
efficientad,capsule,scratch/005.png,0.506866,0.5068405866622925,True,2.541333770755827e-05
efficientad,capsule,scratch/006.png,0.543319,0.5432668328285217,True,5.216717147826788e-05
efficientad,capsule,scratch/007.png,0.5352,0.5351647138595581,True,3.528614044190359e-05
efficientad,capsule,scratch/008.png,0.628941,0.6288871765136719,True,5.38234863280973e-05
efficientad,capsule,scratch/011.png,0.526454,0.5264496207237244,True,4.379276275612298e-06
efficientad,capsule,scratch/016.png,0.504659,0.504632294178009,True,2.670582199093552e-05
efficientad,capsule,scratch/019.png,0.557814,0.5577791333198547,True,3.48666801452957e-05
efficientad,capsule,scratch/020.png,0.490915,0.4909130930900574,True,1.9069099426172187e-06
efficientad,capsule,scratch/021.png,0.494573,0.4945736527442932,True,6.527442932280358e-07
efficientad,capsule,scratch/022.png,0.544728,0.5447155237197876,True,1.2476280212392332e-05
efficientad,capsule,squeeze/000.png,0.607438,0.6073652505874634,True,7.274941253665457e-05
efficientad,capsule,squeeze/003.png,0.655894,0.6558666229248047,True,2.7377075195289535e-05
efficientad,capsule,squeeze/004.png,0.554602,0.5546193718910217,True,1.7371891021689123e-05
efficientad,capsule,squeeze/006.png,0.639538,0.6395108103752136,True,2.7189624786427835e-05
efficientad,capsule,squeeze/009.png,0.58864,0.5886585116386414,True,1.851163864130534e-05
efficientad,capsule,squeeze/011.png,0.609351,0.6093353033065796,True,1.5696693420386154e-05
efficientad,capsule,squeeze/013.png,0.616072,0.6160736680030823,True,1.6680030823224001e-06
efficientad,capsule,squeeze/014.png,0.777687,0.7776986360549927,True,1.1636054992658629e-05
efficientad,capsule,squeeze/015.png,0.652697,0.6526877880096436,True,9.211990356416955e-06
efficientad,capsule,squeeze/017.png,0.601778,0.6018106937408447,True,3.2693740844691455e-05
efficientad,carpet,color/002.png,0.700107,0.7001041173934937,True,2.8826065063825013e-06
efficientad,carpet,color/004.png,0.906308,0.9063283205032349,True,2.0320503234860787e-05
efficientad,carpet,color/006.png,0.586607,0.5866351127624512,True,2.8112762451182327e-05
efficientad,carpet,color/009.png,0.904025,0.9039618968963623,True,6.31031036376628e-05
efficientad,carpet,color/011.png,0.540812,0.5408124923706055,True,4.923706055093291e-07
efficientad,carpet,color/013.png,0.665996,0.6659990549087524,True,3.0549087524089913e-06
efficientad,carpet,color/015.png,0.693458,0.6934704780578613,True,1.2478057861309289e-05
efficientad,carpet,color/016.png,0.790774,0.7908090353012085,True,3.5035301208519165e-05
efficientad,carpet,color/017.png,0.635955,0.6360012888908386,True,4.6288890838575014e-05
efficientad,carpet,color/018.png,0.942991,0.9430519342422485,True,6.0934242248511516e-05
efficientad,carpet,cut/001.png,0.737832,0.7378280758857727,True,3.924114227338293e-06
efficientad,carpet,cut/002.png,0.992169,0.9921272993087769,True,4.170069122311215e-05
efficientad,carpet,cut/008.png,0.527905,0.5279043316841125,True,6.68315887408788e-07
efficientad,carpet,cut/013.png,0.898463,0.8984469175338745,True,1.6082466125499906e-05
efficientad,carpet,cut/016.png,0.630821,0.63081294298172,True,8.057018279994388e-06
efficientad,carpet,good/000.png,0.462275,0.4622785747051239,True,3.5747051239098937e-06
efficientad,carpet,good/004.png,0.475982,0.4759729206562042,True,9.07934379579256e-06
efficientad,carpet,good/007.png,0.481277,0.48126983642578125,True,7.163574218760349e-06
efficientad,carpet,good/008.png,0.492375,0.49238428473472595,True,9.284734725945043e-06
efficientad,carpet,good/009.png,0.483331,0.4833187758922577,True,1.222410774232019e-05
efficientad,carpet,good/010.png,0.469453,0.4694458544254303,True,7.1455745697113215e-06
efficientad,carpet,good/012.png,0.481538,0.48154059052467346,True,2.590524673440342e-06
efficientad,carpet,good/014.png,0.492856,0.4928734600543976,True,1.7460054397566704e-05
efficientad,carpet,good/016.png,0.467592,0.4675854444503784,True,6.5555496215896625e-06
efficientad,carpet,good/017.png,0.460253,0.460260272026062,True,7.2720260619885124e-06
efficientad,carpet,good/018.png,0.461096,0.4610934853553772,True,2.514644622808593e-06
efficientad,carpet,good/020.png,0.462449,0.46244776248931885,True,1.2375106811512993e-06
efficientad,carpet,good/022.png,0.463519,0.4635140001773834,True,4.999822616591487e-06
efficientad,carpet,good/024.png,0.464158,0.46415165066719055,True,6.3493328094632595e-06
efficientad,carpet,hole/000.png,0.679888,0.6798925399780273,True,4.539978027295888e-06
efficientad,carpet,hole/002.png,0.569301,0.5693224668502808,True,2.146685028081574e-05
efficientad,carpet,hole/003.png,0.696183,0.6961669325828552,True,1.6067417144771667e-05
efficientad,carpet,hole/004.png,0.855894,0.8559155464172363,True,2.1546417236284476e-05
efficientad,carpet,hole/006.png,1.0,1.0,True,0.0
efficientad,carpet,hole/009.png,0.881271,0.8813402652740479,True,6.926527404782501e-05
efficientad,carpet,hole/011.png,0.777452,0.7774322628974915,True,1.9737102508576854e-05
efficientad,carpet,hole/012.png,0.632638,0.6326162815093994,True,2.171849060061959e-05
efficientad,carpet,hole/013.png,0.677644,0.6776413917541504,True,2.6082458496334837e-06
efficientad,carpet,hole/015.png,0.754635,0.7546215057373047,True,1.349426269525722e-05
efficientad,carpet,hole/016.png,0.552931,0.5529464483261108,True,1.5448326110889532e-05
efficientad,carpet,metal_contamination/001.png,0.582124,0.5821203589439392,True,3.6410560607658127e-06
efficientad,carpet,metal_contamination/002.png,0.579487,0.5794669985771179,True,2.000142288205442e-05
efficientad,carpet,metal_contamination/003.png,0.568969,0.5689446330070496,True,2.4366992950386468e-05
efficientad,carpet,metal_contamination/004.png,0.631802,0.6317883729934692,True,1.3627006530736452e-05
efficientad,carpet,metal_contamination/008.png,0.827426,0.8274534940719604,True,2.749407196045439e-05
efficientad,carpet,metal_contamination/011.png,0.543459,0.5434339642524719,True,2.503574752810156e-05
efficientad,carpet,metal_contamination/012.png,0.635588,0.6356132626533508,True,2.5262653350788256e-05
efficientad,carpet,metal_contamination/014.png,0.517008,0.5170020461082458,True,5.95389175417349e-06
efficientad,carpet,metal_contamination/016.png,0.543849,0.5438666939735413,True,1.769397354123292e-05
efficientad,carpet,thread/000.png,0.608206,0.6082143187522888,True,8.318752288793974e-06
efficientad,carpet,thread/001.png,0.568748,0.5687668323516846,True,1.8832351684539006e-05
efficientad,carpet,thread/003.png,0.534208,0.5342068672180176,True,1.132781982438047e-06
efficientad,carpet,thread/005.png,0.928643,0.9286948442459106,True,5.184424591064829e-05
efficientad,carpet,thread/011.png,0.609949,0.6098964810371399,True,5.251896286007085e-05
efficientad,carpet,thread/012.png,0.914669,0.914705753326416,True,3.675332641606133e-05
efficientad,carpet,thread/015.png,0.481865,0.48186784982681274,True,2.849826812756362e-06
efficientad,carpet,thread/016.png,0.552101,0.5521023869514465,True,1.386951446580298e-06
efficientad,carpet,thread/017.png,0.567393,0.5673637986183167,True,2.920138168338582e-05
efficientad,carpet,thread/018.png,0.62086,0.620884895324707,True,2.4895324707063793e-05
efficientad,screw,good/000.png,0.482008,0.48214250802993774,True,0.00013450802993775213
efficientad,screw,good/002.png,0.514455,0.514424741268158,True,3.0258731842036646e-05
efficientad,screw,good/007.png,0.534811,0.5348711609840393,True,6.016098403927028e-05
efficientad,screw,good/010.png,0.493685,0.49371060729026794,True,2.560729026795938e-05
efficientad,screw,good/011.png,0.54027,0.5402745008468628,True,4.500846862764973e-06
efficientad,screw,good/013.png,0.472072,0.47211694717407227,True,4.4947174072274e-05
efficientad,screw,good/015.png,0.535357,0.535326361656189,True,3.063834381100694e-05
efficientad,screw,good/016.png,0.476963,0.4770151972770691,True,5.219727706906596e-05
efficientad,screw,good/017.png,0.483817,0.4838014245033264,True,1.5575496673581046e-05
efficientad,screw,good/021.png,0.470251,0.47026413679122925,True,1.313679122927347e-05
efficientad,screw,good/024.png,0.608992,0.608927309513092,True,6.469048690793677e-05
efficientad,screw,good/027.png,0.484178,0.48418375849723816,True,5.758497238161908e-06
efficientad,screw,good/028.png,0.462701,0.46270251274108887,True,1.5127410888937654e-06
efficientad,screw,good/029.png,0.490758,0.4907190203666687,True,3.897963333132637e-05
efficientad,screw,good/030.png,0.466545,0.46651381254196167,True,3.118745803831757e-05
efficientad,screw,good/031.png,0.500231,0.5002430081367493,True,1.2008136749286358e-05
efficientad,screw,good/032.png,0.479555,0.47956687211990356,True,1.1872119903555411e-05
efficientad,screw,good/034.png,0.493744,0.49378877878189087,True,4.477878189085294e-05
efficientad,screw,good/035.png,0.533683,0.5337733626365662,True,9.036263656614363e-05
efficientad,screw,good/037.png,0.491535,0.49156126379966736,True,2.62637996673587e-05
efficientad,screw,good/039.png,0.535302,0.5353104472160339,True,8.447216033991012e-06
efficientad,screw,manipulated_front/004.png,0.701473,0.7015210390090942,True,4.8039009094225094e-05
efficientad,screw,manipulated_front/009.png,0.593915,0.5938902497291565,True,2.4750270843476585e-05
efficientad,screw,manipulated_front/010.png,0.770288,0.7704365253448486,True,0.0001485253448486601
efficientad,screw,manipulated_front/011.png,0.58437,0.5844171643257141,True,4.716432571416629e-05
efficientad,screw,manipulated_front/012.png,0.663037,0.6630722880363464,True,3.528803634644806e-05
efficientad,screw,manipulated_front/013.png,0.64827,0.6482512950897217,True,1.870491027833321e-05
efficientad,screw,manipulated_front/015.png,0.714844,0.714847207069397,True,3.2070693969377118e-06
efficientad,screw,manipulated_front/016.png,0.728702,0.7287234663963318,True,2.1466396331826232e-05
efficientad,screw,manipulated_front/020.png,0.55899,0.5589427947998047,True,4.720520019529939e-05
efficientad,screw,manipulated_front/022.png,0.625548,0.625505268573761,True,4.273142623900661e-05
efficientad,screw,scratch_head/001.png,0.581869,0.5818285942077637,True,4.04057922362977e-05
efficientad,screw,scratch_head/007.png,0.685099,0.6852152347564697,True,0.00011623475646971304
efficientad,screw,scratch_head/009.png,0.742117,0.7421325445175171,True,1.5544517517063206e-05
efficientad,screw,scratch_head/012.png,0.738552,0.7385315895080566,True,2.0410491943345654e-05
efficientad,screw,scratch_head/014.png,0.570577,0.5705848932266235,True,7.89322662353431e-06
efficientad,screw,scratch_head/015.png,0.665536,0.6655275821685791,True,8.4178314209149e-06
efficientad,screw,scratch_head/016.png,0.606336,0.6063170433044434,True,1.8956695556626713e-05
efficientad,screw,scratch_head/018.png,0.592049,0.5920554995536804,True,6.499553680372472e-06
efficientad,screw,scratch_head/020.png,0.581335,0.5813280940055847,True,6.905994415329353e-06
efficientad,screw,scratch_head/022.png,0.604634,0.604722261428833,True,8.826142883300303e-05
efficientad,screw,scratch_head/023.png,0.606147,0.6061771512031555,True,3.015120315552622e-05
efficientad,screw,scratch_neck/000.png,0.656592,0.6566065549850464,True,1.4554985046433266e-05
efficientad,screw,scratch_neck/001.png,0.81624,0.8162029981613159,True,3.7001838684047605e-05
efficientad,screw,scratch_neck/002.png,0.618563,0.6185151934623718,True,4.7806537628147794e-05
efficientad,screw,scratch_neck/005.png,0.680892,0.6809008121490479,True,8.812149047798812e-06
efficientad,screw,scratch_neck/009.png,0.780459,0.7805657386779785,True,0.00010673867797850178
efficientad,screw,scratch_neck/010.png,0.685972,0.6859732866287231,True,1.2866287231183549e-06
efficientad,screw,scratch_neck/011.png,0.627142,0.6271880269050598,True,4.60269050598372e-05
efficientad,screw,scratch_neck/012.png,0.840324,0.8403085470199585,True,1.5452980041463782e-05
efficientad,screw,scratch_neck/015.png,1.0,1.0,True,0.0
efficientad,screw,scratch_neck/016.png,1.0,1.0,True,0.0
efficientad,screw,scratch_neck/019.png,0.892832,0.8927822709083557,True,4.9729091644246104e-05
efficientad,screw,scratch_neck/020.png,0.822249,0.8222898244857788,True,4.0824485778800934e-05
efficientad,screw,scratch_neck/021.png,1.0,1.0,True,0.0
efficientad,screw,scratch_neck/024.png,0.813665,0.8137162923812866,True,5.129238128664948e-05
efficientad,screw,thread_side/000.png,0.503066,0.5030322074890137,True,3.3792510986341284e-05
efficientad,screw,thread_side/002.png,1.0,1.0,True,0.0
efficientad,screw,thread_side/003.png,0.546832,0.5467851161956787,True,4.6883804321273814e-05
efficientad,screw,thread_side/005.png,0.555678,0.5557299852371216,True,5.1985237121576766e-05
efficientad,screw,thread_side/011.png,0.565969,0.5659646391868591,True,4.360813140924513e-06
efficientad,screw,thread_side/013.png,0.584012,0.5840684175491333,True,5.6417549133325195e-05
efficientad,screw,thread_side/014.png,0.583011,0.5829888582229614,True,2.214177703852016e-05
efficientad,screw,thread_side/015.png,0.540405,0.5403770208358765,True,2.7979164123559386e-05
efficientad,screw,thread_side/016.png,0.535626,0.535592794418335,True,3.320558166508558e-05
efficientad,screw,thread_side/017.png,0.552655,0.552686333656311,True,3.13336563110278e-05
efficientad,screw,thread_side/020.png,0.482541,0.482595294713974,True,5.429471397400132e-05
efficientad,screw,thread_side/021.png,0.601686,0.6016715168952942,True,1.4483104705864669e-05
efficientad,screw,thread_top/000.png,0.762317,0.7622553110122681,True,6.168898773195597e-05
efficientad,screw,thread_top/001.png,0.806938,0.806886613368988,True,5.138663101200702e-05
efficientad,screw,thread_top/003.png,0.631761,0.631761908531189,True,9.085311889478476e-07
efficientad,screw,thread_top/005.png,0.968463,0.9683801531791687,True,8.28468208312616e-05
efficientad,screw,thread_top/006.png,0.936744,0.936717689037323,True,2.6310962677023042e-05
efficientad,screw,thread_top/007.png,0.875669,0.8756401538848877,True,2.884611511233537e-05
efficientad,screw,thread_top/008.png,0.658289,0.6582808494567871,True,8.15054321290365e-06
efficientad,screw,thread_top/009.png,0.589386,0.5893514752388,True,3.4524761199916654e-05
efficientad,screw,thread_top/010.png,0.848198,0.8481802940368652,True,1.770596313477313e-05
efficientad,screw,thread_top/011.png,1.0,1.0,True,0.0
efficientad,screw,thread_top/013.png,0.76183,0.7618426084518433,True,1.2608451843254542e-05
efficientad,screw,thread_top/015.png,0.612688,0.6126710176467896,True,1.69823532104596e-05
efficientad,screw,thread_top/019.png,1.0,1.0,True,0.0
efficientad,pill,color/004.png,0.586771,0.586767315864563,True,3.684135437054259e-06
efficientad,pill,color/005.png,0.566893,0.5668890476226807,True,3.9523773193161915e-06
efficientad,pill,color/006.png,0.637526,0.6375636458396912,True,3.7645839691125005e-05
efficientad,pill,color/009.png,0.561351,0.5613460540771484,True,4.945922851606888e-06
efficientad,pill,color/010.png,0.507044,0.5070419907569885,True,2.0092430115248305e-06
efficientad,pill,color/016.png,0.500685,0.5006881952285767,True,3.1952285766134736e-06
efficientad,pill,color/018.png,0.692816,0.6928154826164246,True,5.173835754268552e-07
efficientad,pill,color/019.png,1.0,1.0,True,0.0
efficientad,pill,color/020.png,0.520948,0.5209503769874573,True,2.3769874573087435e-06
efficientad,pill,combined/000.png,0.534397,0.534404993057251,True,7.993057250965663e-06
efficientad,pill,combined/003.png,0.666981,0.6669711470603943,True,9.852939605758948e-06
efficientad,pill,combined/004.png,0.522517,0.52251797914505,True,9.791450500395982e-07
efficientad,pill,combined/005.png,0.564743,0.5647450685501099,True,2.0685501098682835e-06
efficientad,pill,combined/007.png,0.508573,0.5085830688476562,True,1.00688476561972e-05
efficientad,pill,combined/008.png,0.533415,0.5334197878837585,True,4.78788375857242e-06
efficientad,pill,combined/010.png,0.522744,0.5227493643760681,True,5.3643760681287844e-06
efficientad,pill,combined/011.png,0.530805,0.5308141708374023,True,9.170837402372456e-06
efficientad,pill,combined/014.png,0.623968,0.6239805221557617,True,1.2522155761751641e-05
efficientad,pill,combined/015.png,0.534123,0.5341344475746155,True,1.1447574615464085e-05
efficientad,pill,contamination/004.png,0.498244,0.4982456564903259,True,1.6564903259075336e-06
efficientad,pill,contamination/008.png,0.510444,0.51045823097229,True,1.423097229003023e-05
efficientad,pill,contamination/010.png,0.508284,0.508294939994812,True,1.0939994812053655e-05
efficientad,pill,contamination/014.png,0.546506,0.5465319752693176,True,2.5975269317579652e-05
efficientad,pill,contamination/017.png,0.522344,0.5223517417907715,True,7.741790771453871e-06
efficientad,pill,contamination/018.png,0.509078,0.509075939655304,True,2.0603446960754113e-06
efficientad,pill,contamination/020.png,0.510203,0.5102035403251648,True,5.403251648328222e-07
efficientad,pill,crack/000.png,0.500824,0.5008226037025452,True,1.3962974548809015e-06
efficientad,pill,crack/002.png,0.50677,0.5067722201347351,True,2.2201347350536693e-06
efficientad,pill,crack/006.png,0.518973,0.5189801454544067,True,7.145454406720653e-06
efficientad,pill,crack/009.png,0.507684,0.5076892971992493,True,5.297199249243434e-06
efficientad,pill,crack/010.png,0.49758,0.49758031964302063,True,3.196430206076073e-07
efficientad,pill,crack/013.png,0.49671,0.4967098832130432,True,1.1678695677197481e-07
efficientad,pill,crack/014.png,0.509868,0.5098766684532166,True,8.668453216564842e-06
efficientad,pill,crack/015.png,0.502229,0.502230703830719,True,1.703830718957633e-06
efficientad,pill,crack/016.png,0.511535,0.5115441083908081,True,9.108390808143518e-06
efficientad,pill,crack/018.png,0.558195,0.5582004189491272,True,5.418949127200534e-06
efficientad,pill,crack/019.png,0.555041,0.5550442934036255,True,3.2934036254816945e-06
efficientad,pill,crack/023.png,0.502105,0.5021035075187683,True,1.492481231712972e-06
efficientad,pill,crack/024.png,0.494323,0.4943227767944336,True,2.232055664186383e-07
efficientad,pill,faulty_imprint/002.png,0.500509,0.5005083084106445,True,6.915893554504393e-07
efficientad,pill,faulty_imprint/004.png,0.498442,0.49844297766685486,True,9.776668548622247e-07
efficientad,pill,faulty_imprint/009.png,0.508752,0.5087538361549377,True,1.8361549377621245e-06
efficientad,pill,faulty_imprint/011.png,0.503702,0.5037033557891846,True,1.3557891845872305e-06
efficientad,pill,faulty_imprint/014.png,0.499488,0.4994841516017914,True,3.848398208605719e-06
efficientad,pill,faulty_imprint/015.png,0.504491,0.5044929385185242,True,1.9385185241471703e-06
efficientad,pill,good/000.png,0.492156,0.4921547472476959,True,1.2527523040595234e-06
efficientad,pill,good/001.png,0.492584,0.49258363246917725,True,3.6753082277574123e-07
efficientad,pill,good/002.png,0.493653,0.49365532398223877,True,2.3239822387610687e-06
efficientad,pill,good/004.png,0.490981,0.49097877740859985,True,2.2225914001472447e-06
efficientad,pill,good/006.png,0.494621,0.4946189224720001,True,2.0775279998552776e-06
efficientad,pill,good/007.png,0.49688,0.4968825876712799,True,2.5876712799188795e-06
efficientad,pill,good/008.png,0.493301,0.49330127239227295,True,2.7239227295972057e-07
efficientad,pill,good/012.png,0.493152,0.49315157532691956,True,4.2467308042359875e-07
efficientad,pill,good/013.png,0.493826,0.493825763463974,True,2.3653602598816548e-07
efficientad,pill,good/015.png,0.494823,0.4948219656944275,True,1.034305572522598e-06
efficientad,pill,good/018.png,0.492257,0.49225786328315735,True,8.632831573485156e-07
efficientad,pill,good/022.png,0.494004,0.49400314688682556,True,8.531131744371478e-07
efficientad,pill,good/024.png,0.49324,0.49323907494544983,True,9.250545501826579e-07
efficientad,pill,pill_type/000.png,0.60691,0.6069110035896301,True,1.0035896301774372e-06
efficientad,pill,pill_type/001.png,0.620049,0.6200562715530396,True,7.2715530395894845e-06
efficientad,pill,pill_type/002.png,0.783803,0.7837195992469788,True,8.34007530212677e-05
efficientad,pill,pill_type/003.png,1.0,1.0,True,0.0
efficientad,pill,pill_type/004.png,0.780198,0.7801695466041565,True,2.8453395843452967e-05
efficientad,pill,pill_type/006.png,0.680044,0.6800476908683777,True,3.6908683777037155e-06
efficientad,pill,scratch/001.png,0.501008,0.501009464263916,True,1.4642639160067361e-06
efficientad,pill,scratch/002.png,0.498062,0.49806204438209534,True,4.438209533219606e-08
efficientad,pill,scratch/004.png,0.498261,0.49826285243034363,True,1.852430343618483e-06
efficientad,pill,scratch/005.png,0.49611,0.4961102604866028,True,2.6048660278776836e-07
efficientad,pill,scratch/006.png,0.508288,0.508289098739624,True,1.0987396240613734e-06
efficientad,pill,scratch/007.png,0.5027,0.5027028918266296,True,2.891826629602967e-06
efficientad,pill,scratch/008.png,0.500512,0.5005137920379639,True,1.7920379639102535e-06
efficientad,pill,scratch/009.png,0.505457,0.5054576396942139,True,6.396942138220396e-07
efficientad,pill,scratch/010.png,0.516901,0.5169094800949097,True,8.4800949096131e-06
efficientad,pill,scratch/012.png,0.498461,0.4984605610370636,True,4.3896293638878703e-07
efficientad,pill,scratch/013.png,0.50321,0.50321364402771,True,3.6440277099147877e-06
efficientad,pill,scratch/014.png,0.505803,0.5058064460754395,True,3.4460754394505244e-06
efficientad,pill,scratch/015.png,0.507206,0.5072048306465149,True,1.169353485153124e-06
efficientad,pill,scratch/016.png,0.49536,0.495360404253006,True,4.042530059589211e-07
efficientad,pill,scratch/017.png,0.500085,0.5000865459442139,True,1.5459442138654467e-06
efficientad,pill,scratch/019.png,0.50078,0.5007811784744263,True,1.178474426266618e-06
efficientad,pill,scratch/020.png,0.509503,0.509505569934845,True,2.5699348449315096e-06
efficientad,pill,scratch/021.png,0.517918,0.5179207921028137,True,2.792102813731212e-06
efficientad,pill,scratch/022.png,0.498464,0.4984641373157501,True,1.3731575010389463e-07
efficientad,pill,scratch/023.png,0.504728,0.5047255754470825,True,2.42455291743493e-06
