model,category,image,defect_type,gt_label,pred_label,pred_score
efficientad,bottle,broken_large/002.png,broken_large,1,1,0.505552
efficientad,bottle,broken_large/005.png,broken_large,1,1,0.509609
efficientad,bottle,broken_large/006.png,broken_large,1,1,0.513051
efficientad,bottle,broken_large/007.png,broken_large,1,1,0.511827
efficientad,bottle,broken_large/008.png,broken_large,1,1,0.513857
efficientad,bottle,broken_large/009.png,broken_large,1,1,0.512695
efficientad,bottle,broken_large/011.png,broken_large,1,1,0.509452
efficientad,bottle,broken_large/012.png,broken_large,1,1,0.51589
efficientad,bottle,broken_large/013.png,broken_large,1,1,0.509468
efficientad,bottle,broken_large/015.png,broken_large,1,1,0.511625
efficientad,bottle,broken_large/016.png,broken_large,1,1,0.514259
efficientad,bottle,broken_large/017.png,broken_large,1,1,0.53175
efficientad,bottle,broken_large/018.png,broken_large,1,1,0.51543
efficientad,bottle,broken_large/019.png,broken_large,1,1,0.513696
efficientad,bottle,broken_small/010.png,broken_small,1,1,0.513838
efficientad,bottle,broken_small/011.png,broken_small,1,1,0.509634
efficientad,bottle,broken_small/013.png,broken_small,1,1,0.506139
efficientad,bottle,broken_small/015.png,broken_small,1,1,0.505828
efficientad,bottle,broken_small/016.png,broken_small,1,1,0.510114
efficientad,bottle,broken_small/017.png,broken_small,1,1,0.519378
efficientad,bottle,broken_small/018.png,broken_small,1,1,0.562621
efficientad,bottle,broken_small/020.png,broken_small,1,1,0.516696
efficientad,bottle,broken_small/021.png,broken_small,1,1,0.518383
efficientad,bottle,contamination/002.png,contamination,1,1,0.506342
efficientad,bottle,contamination/007.png,contamination,1,1,1.0
efficientad,bottle,contamination/008.png,contamination,1,1,0.511708
efficientad,bottle,contamination/010.png,contamination,1,1,0.513991
efficientad,bottle,contamination/012.png,contamination,1,1,0.701223
efficientad,bottle,contamination/015.png,contamination,1,1,0.509258
efficientad,bottle,contamination/017.png,contamination,1,1,0.529692
efficientad,bottle,contamination/019.png,contamination,1,1,0.501016
efficientad,bottle,contamination/020.png,contamination,1,1,0.679457
efficientad,bottle,good/000.png,good,0,0,0.497334
efficientad,bottle,good/001.png,good,0,0,0.498612
efficientad,bottle,good/002.png,good,0,0,0.497753
efficientad,bottle,good/004.png,good,0,0,0.49726
efficientad,bottle,good/006.png,good,0,0,0.49836
efficientad,bottle,good/010.png,good,0,0,0.498033
efficientad,bottle,good/011.png,good,0,0,0.497313
efficientad,bottle,good/014.png,good,0,0,0.49705
efficientad,bottle,good/015.png,good,0,0,0.498883
efficientad,bottle,good/018.png,good,0,0,0.49793
efficientad,cable,bent_wire/001.png,bent_wire,1,1,0.742401
efficientad,cable,bent_wire/002.png,bent_wire,1,1,0.627818
efficientad,cable,bent_wire/003.png,bent_wire,1,1,0.616989
efficientad,cable,bent_wire/004.png,bent_wire,1,1,0.783327
efficientad,cable,bent_wire/005.png,bent_wire,1,1,0.80746
efficientad,cable,bent_wire/006.png,bent_wire,1,1,0.567518
efficientad,cable,bent_wire/008.png,bent_wire,1,0,0.488998
efficientad,cable,bent_wire/011.png,bent_wire,1,1,0.667394
efficientad,cable,cable_swap/001.png,cable_swap,1,1,0.593597
efficientad,cable,cable_swap/004.png,cable_swap,1,0,0.489158
efficientad,cable,cable_swap/005.png,cable_swap,1,1,0.594288
efficientad,cable,cable_swap/009.png,cable_swap,1,1,0.607307
efficientad,cable,cable_swap/010.png,cable_swap,1,1,0.568442
efficientad,cable,cable_swap/011.png,cable_swap,1,0,0.490046
efficientad,cable,combined/000.png,combined,1,1,0.548454
efficientad,cable,combined/002.png,combined,1,1,0.579253
efficientad,cable,combined/003.png,combined,1,1,0.657613
efficientad,cable,combined/004.png,combined,1,1,0.558954
efficientad,cable,combined/005.png,combined,1,1,0.697453
efficientad,cable,combined/006.png,combined,1,1,0.698693
efficientad,cable,combined/008.png,combined,1,1,0.755131
efficientad,cable,cut_inner_insulation/001.png,cut_inner_insulation,1,1,0.599412
efficientad,cable,cut_inner_insulation/003.png,cut_inner_insulation,1,1,0.582065
efficientad,cable,cut_inner_insulation/006.png,cut_inner_insulation,1,1,0.554497
efficientad,cable,cut_inner_insulation/011.png,cut_inner_insulation,1,1,0.596464
efficientad,cable,cut_inner_insulation/013.png,cut_inner_insulation,1,1,0.551868
efficientad,cable,cut_outer_insulation/003.png,cut_outer_insulation,1,1,0.542475
efficientad,cable,cut_outer_insulation/004.png,cut_outer_insulation,1,1,0.535273
efficientad,cable,cut_outer_insulation/006.png,cut_outer_insulation,1,1,0.57183
efficientad,cable,cut_outer_insulation/009.png,cut_outer_insulation,1,1,0.577531
efficientad,cable,good/000.png,good,0,0,0.490616
efficientad,cable,good/001.png,good,0,0,0.468826
efficientad,cable,good/002.png,good,0,0,0.474365
efficientad,cable,good/005.png,good,0,0,0.486913
efficientad,cable,good/006.png,good,0,0,0.47726
efficientad,cable,good/008.png,good,0,0,0.482821
efficientad,cable,good/011.png,good,0,0,0.470991
efficientad,cable,good/012.png,good,0,0,0.493599
efficientad,cable,good/015.png,good,0,0,0.483865
efficientad,cable,good/016.png,good,0,1,0.500534
efficientad,cable,good/017.png,good,0,0,0.473435
efficientad,cable,good/018.png,good,0,0,0.491255
efficientad,cable,good/022.png,good,0,0,0.477794
efficientad,cable,good/023.png,good,0,0,0.47886
efficientad,cable,good/025.png,good,0,0,0.473782
efficientad,cable,good/029.png,good,0,0,0.477776
efficientad,cable,good/030.png,good,0,0,0.488499
efficientad,cable,good/031.png,good,0,0,0.485227
efficientad,cable,good/033.png,good,0,1,0.508934
efficientad,cable,good/035.png,good,0,0,0.488979
efficientad,cable,good/038.png,good,0,0,0.498951
efficientad,cable,good/040.png,good,0,0,0.497336
efficientad,cable,good/044.png,good,0,0,0.497637
efficientad,cable,good/047.png,good,0,0,0.486967
efficientad,cable,good/049.png,good,0,0,0.477734
efficientad,cable,good/051.png,good,0,1,0.566774
efficientad,cable,good/054.png,good,0,0,0.478937
efficientad,cable,good/055.png,good,0,0,0.496858
efficientad,cable,good/057.png,good,0,0,0.4883
efficientad,cable,missing_cable/002.png,missing_cable,1,1,0.704931
efficientad,cable,missing_cable/003.png,missing_cable,1,1,0.726508
efficientad,cable,missing_cable/004.png,missing_cable,1,1,0.688778
efficientad,cable,missing_cable/006.png,missing_cable,1,1,0.715556
efficientad,cable,missing_cable/009.png,missing_cable,1,1,0.713698
efficientad,cable,missing_cable/011.png,missing_cable,1,1,0.708287
efficientad,cable,missing_wire/002.png,missing_wire,1,1,0.561498
efficientad,cable,missing_wire/006.png,missing_wire,1,1,0.597693
efficientad,cable,missing_wire/007.png,missing_wire,1,1,0.523259
efficientad,cable,missing_wire/009.png,missing_wire,1,1,0.617809
efficientad,cable,poke_insulation/001.png,poke_insulation,1,1,0.511785
efficientad,cable,poke_insulation/003.png,poke_insulation,1,0,0.488724
efficientad,cable,poke_insulation/004.png,poke_insulation,1,0,0.480671
efficientad,cable,poke_insulation/005.png,poke_insulation,1,1,0.527359
efficientad,cable,poke_insulation/007.png,poke_insulation,1,1,0.506068
efficientad,cable,poke_insulation/009.png,poke_insulation,1,1,0.504251
efficientad,capsule,crack/002.png,crack,1,1,0.570568
efficientad,capsule,crack/006.png,crack,1,1,0.792133
efficientad,capsule,crack/007.png,crack,1,1,0.635742
efficientad,capsule,crack/008.png,crack,1,1,0.526814
efficientad,capsule,crack/009.png,crack,1,1,0.701666
efficientad,capsule,crack/012.png,crack,1,1,0.566738
efficientad,capsule,crack/013.png,crack,1,1,0.517119
efficientad,capsule,crack/017.png,crack,1,1,1.0
efficientad,capsule,crack/020.png,crack,1,1,0.53522
efficientad,capsule,crack/022.png,crack,1,1,0.502763
efficientad,capsule,faulty_imprint/001.png,faulty_imprint,1,1,0.54928
efficientad,capsule,faulty_imprint/009.png,faulty_imprint,1,1,0.570004
efficientad,capsule,faulty_imprint/011.png,faulty_imprint,1,1,0.52573
efficientad,capsule,faulty_imprint/012.png,faulty_imprint,1,1,0.5111
efficientad,capsule,faulty_imprint/016.png,faulty_imprint,1,1,0.57692
efficientad,capsule,faulty_imprint/018.png,faulty_imprint,1,1,0.504625
efficientad,capsule,faulty_imprint/019.png,faulty_imprint,1,0,0.497732
efficientad,capsule,faulty_imprint/020.png,faulty_imprint,1,1,0.670974
efficientad,capsule,good/000.png,good,0,0,0.491772
efficientad,capsule,good/001.png,good,0,0,0.487878
efficientad,capsule,good/002.png,good,0,0,0.498917
efficientad,capsule,good/005.png,good,0,0,0.489367
efficientad,capsule,good/006.png,good,0,1,0.512335
efficientad,capsule,good/008.png,good,0,1,0.50243
efficientad,capsule,good/011.png,good,0,0,0.491503
efficientad,capsule,good/014.png,good,0,0,0.490945
efficientad,capsule,good/016.png,good,0,0,0.491862
efficientad,capsule,good/017.png,good,0,0,0.490096
efficientad,capsule,good/018.png,good,0,0,0.494657
efficientad,capsule,good/021.png,good,0,1,0.513963
efficientad,capsule,poke/002.png,poke,1,1,0.52061
efficientad,capsule,poke/003.png,poke,1,1,0.526827
efficientad,capsule,poke/004.png,poke,1,1,0.585525
efficientad,capsule,poke/005.png,poke,1,0,0.498449
efficientad,capsule,poke/006.png,poke,1,0,0.49922
efficientad,capsule,poke/007.png,poke,1,1,0.512666
efficientad,capsule,poke/008.png,poke,1,1,0.679403
efficientad,capsule,poke/010.png,poke,1,1,0.591668
efficientad,capsule,poke/011.png,poke,1,1,0.685423
efficientad,capsule,poke/015.png,poke,1,1,0.619643
efficientad,capsule,poke/017.png,poke,1,1,0.532188
efficientad,capsule,poke/018.png,poke,1,1,0.631852
efficientad,capsule,poke/019.png,poke,1,1,0.532244
efficientad,capsule,poke/020.png,poke,1,1,0.562254
efficientad,capsule,scratch/000.png,scratch,1,1,0.511125
efficientad,capsule,scratch/002.png,scratch,1,0,0.495115
efficientad,capsule,scratch/003.png,scratch,1,1,0.504504
efficientad,capsule,scratch/005.png,scratch,1,1,0.506866
efficientad,capsule,scratch/006.png,scratch,1,1,0.543319
efficientad,capsule,scratch/007.png,scratch,1,1,0.5352
efficientad,capsule,scratch/008.png,scratch,1,1,0.628941
efficientad,capsule,scratch/011.png,scratch,1,1,0.526454
efficientad,capsule,scratch/016.png,scratch,1,1,0.504659
efficientad,capsule,scratch/019.png,scratch,1,1,0.557814
efficientad,capsule,scratch/020.png,scratch,1,0,0.490915
efficientad,capsule,scratch/021.png,scratch,1,0,0.494573
efficientad,capsule,scratch/022.png,scratch,1,1,0.544728
efficientad,capsule,squeeze/000.png,squeeze,1,1,0.607438
efficientad,capsule,squeeze/003.png,squeeze,1,1,0.655894
efficientad,capsule,squeeze/004.png,squeeze,1,1,0.554602
efficientad,capsule,squeeze/006.png,squeeze,1,1,0.639538
efficientad,capsule,squeeze/009.png,squeeze,1,1,0.58864
efficientad,capsule,squeeze/011.png,squeeze,1,1,0.609351
efficientad,capsule,squeeze/013.png,squeeze,1,1,0.616072
efficientad,capsule,squeeze/014.png,squeeze,1,1,0.777687
efficientad,capsule,squeeze/015.png,squeeze,1,1,0.652697
efficientad,capsule,squeeze/017.png,squeeze,1,1,0.601778
efficientad,carpet,color/002.png,color,1,1,0.700107
efficientad,carpet,color/004.png,color,1,1,0.906308
efficientad,carpet,color/006.png,color,1,1,0.586607
efficientad,carpet,color/009.png,color,1,1,0.904025
efficientad,carpet,color/011.png,color,1,1,0.540812
efficientad,carpet,color/013.png,color,1,1,0.665996
efficientad,carpet,color/015.png,color,1,1,0.693458
efficientad,carpet,color/016.png,color,1,1,0.790774
efficientad,carpet,color/017.png,color,1,1,0.635955
efficientad,carpet,color/018.png,color,1,1,0.942991
efficientad,carpet,cut/001.png,cut,1,1,0.737832
efficientad,carpet,cut/002.png,cut,1,1,0.992169
efficientad,carpet,cut/008.png,cut,1,1,0.527905
efficientad,carpet,cut/013.png,cut,1,1,0.898463
efficientad,carpet,cut/016.png,cut,1,1,0.630821
efficientad,carpet,good/000.png,good,0,0,0.462275
efficientad,carpet,good/004.png,good,0,0,0.475982
efficientad,carpet,good/007.png,good,0,0,0.481277
efficientad,carpet,good/008.png,good,0,0,0.492375
efficientad,carpet,good/009.png,good,0,0,0.483331
efficientad,carpet,good/010.png,good,0,0,0.469453
efficientad,carpet,good/012.png,good,0,0,0.481538
efficientad,carpet,good/014.png,good,0,0,0.492856
efficientad,carpet,good/016.png,good,0,0,0.467592
efficientad,carpet,good/017.png,good,0,0,0.460253
efficientad,carpet,good/018.png,good,0,0,0.461096
efficientad,carpet,good/020.png,good,0,0,0.462449
efficientad,carpet,good/022.png,good,0,0,0.463519
efficientad,carpet,good/024.png,good,0,0,0.464158
efficientad,carpet,hole/000.png,hole,1,1,0.679888
efficientad,carpet,hole/002.png,hole,1,1,0.569301
efficientad,carpet,hole/003.png,hole,1,1,0.696183
efficientad,carpet,hole/004.png,hole,1,1,0.855894
efficientad,carpet,hole/006.png,hole,1,1,1.0
efficientad,carpet,hole/009.png,hole,1,1,0.881271
efficientad,carpet,hole/011.png,hole,1,1,0.777452
efficientad,carpet,hole/012.png,hole,1,1,0.632638
efficientad,carpet,hole/013.png,hole,1,1,0.677644
efficientad,carpet,hole/015.png,hole,1,1,0.754635
efficientad,carpet,hole/016.png,hole,1,1,0.552931
efficientad,carpet,metal_contamination/001.png,metal_contamination,1,1,0.582124
efficientad,carpet,metal_contamination/002.png,metal_contamination,1,1,0.579487
efficientad,carpet,metal_contamination/003.png,metal_contamination,1,1,0.568969
efficientad,carpet,metal_contamination/004.png,metal_contamination,1,1,0.631802
efficientad,carpet,metal_contamination/008.png,metal_contamination,1,1,0.827426
efficientad,carpet,metal_contamination/011.png,metal_contamination,1,1,0.543459
efficientad,carpet,metal_contamination/012.png,metal_contamination,1,1,0.635588
efficientad,carpet,metal_contamination/014.png,metal_contamination,1,1,0.517008
efficientad,carpet,metal_contamination/016.png,metal_contamination,1,1,0.543849
efficientad,carpet,thread/000.png,thread,1,1,0.608206
efficientad,carpet,thread/001.png,thread,1,1,0.568748
efficientad,carpet,thread/003.png,thread,1,1,0.534208
efficientad,carpet,thread/005.png,thread,1,1,0.928643
efficientad,carpet,thread/011.png,thread,1,1,0.609949
efficientad,carpet,thread/012.png,thread,1,1,0.914669
efficientad,carpet,thread/015.png,thread,1,0,0.481865
efficientad,carpet,thread/016.png,thread,1,1,0.552101
efficientad,carpet,thread/017.png,thread,1,1,0.567393
efficientad,carpet,thread/018.png,thread,1,1,0.62086
efficientad,grid,bent/000.png,bent,1,1,0.808729
efficientad,grid,bent/002.png,bent,1,1,0.67475
efficientad,grid,bent/003.png,bent,1,1,0.943169
efficientad,grid,bent/004.png,bent,1,1,0.761475
efficientad,grid,bent/007.png,bent,1,1,0.719763
efficientad,grid,bent/009.png,bent,1,1,0.7028
efficientad,grid,bent/011.png,bent,1,1,0.739644
efficientad,grid,broken/002.png,broken,1,1,0.664011
efficientad,grid,broken/003.png,broken,1,1,0.914143
efficientad,grid,broken/004.png,broken,1,1,1.0
efficientad,grid,glue/001.png,glue,1,1,0.513698
efficientad,grid,glue/004.png,glue,1,1,0.623735
efficientad,grid,glue/005.png,glue,1,1,1.0
efficientad,grid,glue/007.png,glue,1,1,0.528177
efficientad,grid,glue/008.png,glue,1,0,0.373893
efficientad,grid,glue/009.png,glue,1,1,0.678154
efficientad,grid,good/002.png,good,0,0,0.359474
efficientad,grid,good/004.png,good,0,0,0.307208
efficientad,grid,good/007.png,good,0,0,0.322052
efficientad,grid,good/008.png,good,0,0,0.306658
efficientad,grid,good/011.png,good,0,0,0.315495
efficientad,grid,good/012.png,good,0,0,0.304116
efficientad,grid,good/013.png,good,0,0,0.292966
efficientad,grid,good/014.png,good,0,0,0.332577
efficientad,grid,good/015.png,good,0,0,0.293882
efficientad,grid,good/016.png,good,0,0,0.307252
efficientad,grid,good/019.png,good,0,0,0.330732
efficientad,grid,metal_contamination/001.png,metal_contamination,1,1,0.944973
efficientad,grid,metal_contamination/003.png,metal_contamination,1,1,1.0
efficientad,grid,metal_contamination/004.png,metal_contamination,1,1,0.897793
efficientad,grid,metal_contamination/005.png,metal_contamination,1,1,0.698673
efficientad,grid,metal_contamination/007.png,metal_contamination,1,1,0.841366
efficientad,grid,metal_contamination/008.png,metal_contamination,1,1,0.675286
efficientad,grid,metal_contamination/009.png,metal_contamination,1,1,0.657315
efficientad,grid,metal_contamination/010.png,metal_contamination,1,1,0.876884
efficientad,grid,thread/001.png,thread,1,1,1.0
efficientad,grid,thread/004.png,thread,1,1,0.92685
efficientad,grid,thread/006.png,thread,1,1,0.745843
efficientad,grid,thread/008.png,thread,1,1,0.62251
efficientad,grid,thread/009.png,thread,1,1,0.762449
efficientad,hazelnut,crack/000.png,crack,1,1,0.776918
efficientad,hazelnut,crack/002.png,crack,1,1,0.507175
efficientad,hazelnut,crack/007.png,crack,1,1,0.639743
efficientad,hazelnut,crack/012.png,crack,1,1,0.504148
efficientad,hazelnut,crack/015.png,crack,1,1,0.562841
efficientad,hazelnut,crack/016.png,crack,1,1,0.533671
efficientad,hazelnut,crack/017.png,crack,1,1,0.581018
efficientad,hazelnut,cut/000.png,cut,1,0,0.493748
efficientad,hazelnut,cut/001.png,cut,1,0,0.496988
efficientad,hazelnut,cut/002.png,cut,1,0,0.498802
efficientad,hazelnut,cut/004.png,cut,1,0,0.496955
efficientad,hazelnut,cut/005.png,cut,1,1,0.504304
efficientad,hazelnut,cut/009.png,cut,1,0,0.494085
efficientad,hazelnut,cut/010.png,cut,1,0,0.49456
efficientad,hazelnut,cut/011.png,cut,1,1,0.534746
efficientad,hazelnut,cut/012.png,cut,1,1,0.500506
efficientad,hazelnut,cut/015.png,cut,1,1,0.541039
efficientad,hazelnut,good/000.png,good,0,0,0.489587
efficientad,hazelnut,good/002.png,good,0,0,0.490378
efficientad,hazelnut,good/003.png,good,0,0,0.494782
efficientad,hazelnut,good/004.png,good,0,0,0.492325
efficientad,hazelnut,good/007.png,good,0,0,0.491115
efficientad,hazelnut,good/008.png,good,0,0,0.499522
efficientad,hazelnut,good/009.png,good,0,0,0.490694
efficientad,hazelnut,good/013.png,good,0,0,0.493297
efficientad,hazelnut,good/014.png,good,0,0,0.492098
efficientad,hazelnut,good/015.png,good,0,0,0.496178
efficientad,hazelnut,good/017.png,good,0,0,0.489103
efficientad,hazelnut,good/018.png,good,0,0,0.497775
efficientad,hazelnut,good/022.png,good,0,0,0.488785
efficientad,hazelnut,good/023.png,good,0,0,0.489921
efficientad,hazelnut,good/027.png,good,0,0,0.490681
efficientad,hazelnut,good/029.png,good,0,1,0.502523
efficientad,hazelnut,good/032.png,good,0,0,0.491728
efficientad,hazelnut,good/035.png,good,0,0,0.48945
efficientad,hazelnut,good/037.png,good,0,0,0.498713
efficientad,hazelnut,good/038.png,good,0,0,0.495516
efficientad,hazelnut,hole/002.png,hole,1,1,0.682782
efficientad,hazelnut,hole/003.png,hole,1,1,0.582751
efficientad,hazelnut,hole/006.png,hole,1,1,0.583002
efficientad,hazelnut,hole/007.png,hole,1,1,1.0
efficientad,hazelnut,hole/008.png,hole,1,1,0.609727
efficientad,hazelnut,hole/015.png,hole,1,1,0.572132
efficientad,hazelnut,hole/016.png,hole,1,1,0.50552
efficientad,hazelnut,print/002.png,print,1,1,1.0
efficientad,hazelnut,print/003.png,print,1,1,0.830076
efficientad,hazelnut,print/005.png,print,1,1,0.870543
efficientad,hazelnut,print/006.png,print,1,1,0.811544
efficientad,hazelnut,print/008.png,print,1,1,1.0
efficientad,hazelnut,print/010.png,print,1,1,1.0
efficientad,hazelnut,print/011.png,print,1,1,1.0
efficientad,hazelnut,print/012.png,print,1,1,1.0
efficientad,hazelnut,print/013.png,print,1,1,0.693169
efficientad,hazelnut,print/015.png,print,1,1,0.77702
efficientad,hazelnut,print/016.png,print,1,1,1.0
efficientad,leather,color/001.png,color,1,1,0.502382
efficientad,leather,color/002.png,color,1,1,0.515636
efficientad,leather,color/003.png,color,1,1,0.510653
efficientad,leather,color/004.png,color,1,0,0.496032
efficientad,leather,color/005.png,color,1,1,0.509375
efficientad,leather,color/006.png,color,1,1,0.508455
efficientad,leather,color/008.png,color,1,1,0.601182
efficientad,leather,color/011.png,color,1,1,0.512311
efficientad,leather,color/014.png,color,1,1,0.51945
efficientad,leather,color/017.png,color,1,1,0.568265
efficientad,leather,color/018.png,color,1,1,0.509317
efficientad,leather,cut/003.png,cut,1,1,0.694552
efficientad,leather,cut/004.png,cut,1,1,0.607279
efficientad,leather,cut/005.png,cut,1,0,0.49977
efficientad,leather,cut/006.png,cut,1,1,0.561196
efficientad,leather,cut/008.png,cut,1,1,0.581047
efficientad,leather,cut/009.png,cut,1,0,0.49923
efficientad,leather,cut/010.png,cut,1,1,0.503763
efficientad,leather,cut/011.png,cut,1,0,0.495973
efficientad,leather,cut/012.png,cut,1,1,0.559694
efficientad,leather,cut/014.png,cut,1,0,0.499249
efficientad,leather,cut/018.png,cut,1,1,0.606891
efficientad,leather,fold/001.png,fold,1,1,0.526219
efficientad,leather,fold/004.png,fold,1,1,0.730125
efficientad,leather,fold/009.png,fold,1,1,0.564545
efficientad,leather,fold/011.png,fold,1,1,0.569148
efficientad,leather,fold/015.png,fold,1,1,0.645662
efficientad,leather,fold/016.png,fold,1,1,0.805591
efficientad,leather,glue/001.png,glue,1,1,0.501799
efficientad,leather,glue/004.png,glue,1,0,0.494219
efficientad,leather,glue/007.png,glue,1,1,0.508904
efficientad,leather,glue/008.png,glue,1,1,0.58686
efficientad,leather,glue/009.png,glue,1,0,0.495781
efficientad,leather,glue/011.png,glue,1,0,0.499218
efficientad,leather,glue/014.png,glue,1,1,1.0
efficientad,leather,glue/016.png,glue,1,1,0.501999
efficientad,leather,good/002.png,good,0,0,0.492115
efficientad,leather,good/004.png,good,0,0,0.491968
efficientad,leather,good/006.png,good,0,0,0.491978
efficientad,leather,good/007.png,good,0,0,0.491872
efficientad,leather,good/008.png,good,0,0,0.491752
efficientad,leather,good/010.png,good,0,0,0.492606
efficientad,leather,good/013.png,good,0,0,0.492805
efficientad,leather,good/016.png,good,0,0,0.492074
efficientad,leather,good/018.png,good,0,0,0.491919
efficientad,leather,good/021.png,good,0,0,0.492197
efficientad,leather,good/022.png,good,0,0,0.491849
efficientad,leather,good/023.png,good,0,0,0.492289
efficientad,leather,good/024.png,good,0,0,0.492411
efficientad,leather,good/028.png,good,0,0,0.492021
efficientad,leather,good/030.png,good,0,0,0.493292
efficientad,leather,good/031.png,good,0,0,0.491868
efficientad,leather,poke/000.png,poke,1,1,0.51905
efficientad,leather,poke/004.png,poke,1,1,0.606354
efficientad,leather,poke/005.png,poke,1,1,0.559488
efficientad,leather,poke/007.png,poke,1,1,0.538928
efficientad,leather,poke/009.png,poke,1,1,0.634244
efficientad,leather,poke/011.png,poke,1,1,0.828554
efficientad,leather,poke/012.png,poke,1,1,0.558103
efficientad,leather,poke/013.png,poke,1,1,0.527133
efficientad,leather,poke/015.png,poke,1,1,0.546488
efficientad,leather,poke/017.png,poke,1,1,0.548662
efficientad,metal_nut,bent/000.png,bent,1,1,0.577033
efficientad,metal_nut,bent/003.png,bent,1,1,0.554058
efficientad,metal_nut,bent/004.png,bent,1,1,0.523006
efficientad,metal_nut,bent/007.png,bent,1,1,0.516471
efficientad,metal_nut,bent/008.png,bent,1,1,0.535403
efficientad,metal_nut,bent/010.png,bent,1,1,0.52578
efficientad,metal_nut,bent/013.png,bent,1,1,0.569806
efficientad,metal_nut,bent/017.png,bent,1,1,0.542365
efficientad,metal_nut,bent/018.png,bent,1,1,0.524285
efficientad,metal_nut,bent/020.png,bent,1,1,0.560725
efficientad,metal_nut,bent/024.png,bent,1,1,0.53198
efficientad,metal_nut,color/003.png,color,1,1,0.569653
efficientad,metal_nut,color/004.png,color,1,1,0.538973
efficientad,metal_nut,color/006.png,color,1,1,0.531892
efficientad,metal_nut,color/008.png,color,1,1,0.539221
efficientad,metal_nut,color/009.png,color,1,1,0.563623
efficientad,metal_nut,color/011.png,color,1,1,0.557475
efficientad,metal_nut,color/012.png,color,1,1,0.713459
efficientad,metal_nut,color/014.png,color,1,1,0.581096
efficientad,metal_nut,color/018.png,color,1,1,0.643728
efficientad,metal_nut,color/019.png,color,1,1,0.678255
efficientad,metal_nut,color/020.png,color,1,1,0.681349
efficientad,metal_nut,color/021.png,color,1,1,0.542224
efficientad,metal_nut,flip/001.png,flip,1,1,0.696035
efficientad,metal_nut,flip/004.png,flip,1,1,0.589718
efficientad,metal_nut,flip/006.png,flip,1,1,0.585279
efficientad,metal_nut,flip/007.png,flip,1,1,0.579254
efficientad,metal_nut,flip/008.png,flip,1,1,0.563536
efficientad,metal_nut,flip/009.png,flip,1,1,0.62411
efficientad,metal_nut,flip/012.png,flip,1,1,0.543833
efficientad,metal_nut,flip/013.png,flip,1,1,0.617152
efficientad,metal_nut,flip/014.png,flip,1,1,0.544528
efficientad,metal_nut,flip/015.png,flip,1,1,0.571917
efficientad,metal_nut,flip/017.png,flip,1,1,0.598582
efficientad,metal_nut,flip/018.png,flip,1,1,0.583132
efficientad,metal_nut,flip/020.png,flip,1,1,0.533287
efficientad,metal_nut,good/002.png,good,0,0,0.487149
efficientad,metal_nut,good/003.png,good,0,0,0.485231
efficientad,metal_nut,good/004.png,good,0,0,0.486665
efficientad,metal_nut,good/006.png,good,0,0,0.48706
efficientad,metal_nut,good/008.png,good,0,0,0.491426
efficientad,metal_nut,good/011.png,good,0,0,0.490108
efficientad,metal_nut,good/016.png,good,0,1,0.523742
efficientad,metal_nut,good/017.png,good,0,0,0.48808
efficientad,metal_nut,good/018.png,good,0,0,0.486023
efficientad,metal_nut,good/020.png,good,0,0,0.484912
efficientad,metal_nut,good/021.png,good,0,0,0.485903
efficientad,metal_nut,scratch/007.png,scratch,1,1,0.54048
efficientad,metal_nut,scratch/008.png,scratch,1,1,0.534701
efficientad,metal_nut,scratch/011.png,scratch,1,1,0.527977
efficientad,metal_nut,scratch/012.png,scratch,1,1,0.559049
efficientad,metal_nut,scratch/014.png,scratch,1,1,0.541977
efficientad,metal_nut,scratch/015.png,scratch,1,1,0.537226
efficientad,metal_nut,scratch/016.png,scratch,1,1,0.530253
efficientad,metal_nut,scratch/017.png,scratch,1,1,0.573138
efficientad,metal_nut,scratch/018.png,scratch,1,1,0.548134
efficientad,metal_nut,scratch/021.png,scratch,1,1,0.508927
efficientad,metal_nut,scratch/022.png,scratch,1,0,0.488353
efficientad,pill,color/004.png,color,1,1,0.586771
efficientad,pill,color/005.png,color,1,1,0.566893
efficientad,pill,color/006.png,color,1,1,0.637526
efficientad,pill,color/009.png,color,1,1,0.561351
efficientad,pill,color/010.png,color,1,1,0.507044
efficientad,pill,color/016.png,color,1,1,0.500685
efficientad,pill,color/018.png,color,1,1,0.692816
efficientad,pill,color/019.png,color,1,1,1.0
efficientad,pill,color/020.png,color,1,1,0.520948
efficientad,pill,combined/000.png,combined,1,1,0.534397
efficientad,pill,combined/003.png,combined,1,1,0.666981
efficientad,pill,combined/004.png,combined,1,1,0.522517
efficientad,pill,combined/005.png,combined,1,1,0.564743
efficientad,pill,combined/007.png,combined,1,1,0.508573
efficientad,pill,combined/008.png,combined,1,1,0.533415
efficientad,pill,combined/010.png,combined,1,1,0.522744
efficientad,pill,combined/011.png,combined,1,1,0.530805
efficientad,pill,combined/014.png,combined,1,1,0.623968
efficientad,pill,combined/015.png,combined,1,1,0.534123
efficientad,pill,contamination/004.png,contamination,1,0,0.498244
efficientad,pill,contamination/008.png,contamination,1,1,0.510444
efficientad,pill,contamination/010.png,contamination,1,1,0.508284
efficientad,pill,contamination/014.png,contamination,1,1,0.546506
efficientad,pill,contamination/017.png,contamination,1,1,0.522344
efficientad,pill,contamination/018.png,contamination,1,1,0.509078
efficientad,pill,contamination/020.png,contamination,1,1,0.510203
efficientad,pill,crack/000.png,crack,1,1,0.500824
efficientad,pill,crack/002.png,crack,1,1,0.50677
efficientad,pill,crack/006.png,crack,1,1,0.518973
efficientad,pill,crack/009.png,crack,1,1,0.507684
efficientad,pill,crack/010.png,crack,1,0,0.49758
efficientad,pill,crack/013.png,crack,1,0,0.49671
efficientad,pill,crack/014.png,crack,1,1,0.509868
efficientad,pill,crack/015.png,crack,1,1,0.502229
efficientad,pill,crack/016.png,crack,1,1,0.511535
efficientad,pill,crack/018.png,crack,1,1,0.558195
efficientad,pill,crack/019.png,crack,1,1,0.555041
efficientad,pill,crack/023.png,crack,1,1,0.502105
efficientad,pill,crack/024.png,crack,1,0,0.494323
efficientad,pill,faulty_imprint/002.png,faulty_imprint,1,1,0.500509
efficientad,pill,faulty_imprint/004.png,faulty_imprint,1,0,0.498442
efficientad,pill,faulty_imprint/009.png,faulty_imprint,1,1,0.508752
efficientad,pill,faulty_imprint/011.png,faulty_imprint,1,1,0.503702
efficientad,pill,faulty_imprint/014.png,faulty_imprint,1,0,0.499488
efficientad,pill,faulty_imprint/015.png,faulty_imprint,1,1,0.504491
efficientad,pill,good/000.png,good,0,0,0.492156
efficientad,pill,good/001.png,good,0,0,0.492584
efficientad,pill,good/002.png,good,0,0,0.493653
efficientad,pill,good/004.png,good,0,0,0.490981
efficientad,pill,good/006.png,good,0,0,0.494621
efficientad,pill,good/007.png,good,0,0,0.49688
efficientad,pill,good/008.png,good,0,0,0.493301
efficientad,pill,good/012.png,good,0,0,0.493152
efficientad,pill,good/013.png,good,0,0,0.493826
efficientad,pill,good/015.png,good,0,0,0.494823
efficientad,pill,good/018.png,good,0,0,0.492257
efficientad,pill,good/022.png,good,0,0,0.494004
efficientad,pill,good/024.png,good,0,0,0.49324
efficientad,pill,pill_type/000.png,pill_type,1,1,0.60691
efficientad,pill,pill_type/001.png,pill_type,1,1,0.620049
efficientad,pill,pill_type/002.png,pill_type,1,1,0.783803
efficientad,pill,pill_type/003.png,pill_type,1,1,1.0
efficientad,pill,pill_type/004.png,pill_type,1,1,0.780198
efficientad,pill,pill_type/006.png,pill_type,1,1,0.680044
efficientad,pill,scratch/001.png,scratch,1,1,0.501008
efficientad,pill,scratch/002.png,scratch,1,0,0.498062
efficientad,pill,scratch/004.png,scratch,1,0,0.498261
efficientad,pill,scratch/005.png,scratch,1,0,0.49611
efficientad,pill,scratch/006.png,scratch,1,1,0.508288
efficientad,pill,scratch/007.png,scratch,1,1,0.5027
efficientad,pill,scratch/008.png,scratch,1,1,0.500512
efficientad,pill,scratch/009.png,scratch,1,1,0.505457
efficientad,pill,scratch/010.png,scratch,1,1,0.516901
efficientad,pill,scratch/012.png,scratch,1,0,0.498461
efficientad,pill,scratch/013.png,scratch,1,1,0.50321
efficientad,pill,scratch/014.png,scratch,1,1,0.505803
efficientad,pill,scratch/015.png,scratch,1,1,0.507206
efficientad,pill,scratch/016.png,scratch,1,0,0.49536
efficientad,pill,scratch/017.png,scratch,1,1,0.500085
efficientad,pill,scratch/019.png,scratch,1,1,0.50078
efficientad,pill,scratch/020.png,scratch,1,1,0.509503
efficientad,pill,scratch/021.png,scratch,1,1,0.517918
efficientad,pill,scratch/022.png,scratch,1,0,0.498464
efficientad,pill,scratch/023.png,scratch,1,1,0.504728
efficientad,screw,good/000.png,good,0,0,0.482008
efficientad,screw,good/002.png,good,0,1,0.514455
efficientad,screw,good/007.png,good,0,1,0.534811
efficientad,screw,good/010.png,good,0,0,0.493685
efficientad,screw,good/011.png,good,0,1,0.54027
efficientad,screw,good/013.png,good,0,0,0.472072
efficientad,screw,good/015.png,good,0,1,0.535357
efficientad,screw,good/016.png,good,0,0,0.476963
efficientad,screw,good/017.png,good,0,0,0.483817
efficientad,screw,good/021.png,good,0,0,0.470251
efficientad,screw,good/024.png,good,0,1,0.608992
efficientad,screw,good/027.png,good,0,0,0.484178
efficientad,screw,good/028.png,good,0,0,0.462701
efficientad,screw,good/029.png,good,0,0,0.490758
efficientad,screw,good/030.png,good,0,0,0.466545
efficientad,screw,good/031.png,good,0,1,0.500231
efficientad,screw,good/032.png,good,0,0,0.479555
efficientad,screw,good/034.png,good,0,0,0.493744
efficientad,screw,good/035.png,good,0,1,0.533683
efficientad,screw,good/037.png,good,0,0,0.491535
efficientad,screw,good/039.png,good,0,1,0.535302
efficientad,screw,manipulated_front/004.png,manipulated_front,1,1,0.701473
efficientad,screw,manipulated_front/009.png,manipulated_front,1,1,0.593915
efficientad,screw,manipulated_front/010.png,manipulated_front,1,1,0.770288
efficientad,screw,manipulated_front/011.png,manipulated_front,1,1,0.58437
efficientad,screw,manipulated_front/012.png,manipulated_front,1,1,0.663037
efficientad,screw,manipulated_front/013.png,manipulated_front,1,1,0.64827
efficientad,screw,manipulated_front/015.png,manipulated_front,1,1,0.714844
efficientad,screw,manipulated_front/016.png,manipulated_front,1,1,0.728702
efficientad,screw,manipulated_front/020.png,manipulated_front,1,1,0.55899
efficientad,screw,manipulated_front/022.png,manipulated_front,1,1,0.625548
efficientad,screw,scratch_head/001.png,scratch_head,1,1,0.581869
efficientad,screw,scratch_head/007.png,scratch_head,1,1,0.685099
efficientad,screw,scratch_head/009.png,scratch_head,1,1,0.742117
efficientad,screw,scratch_head/012.png,scratch_head,1,1,0.738552
efficientad,screw,scratch_head/014.png,scratch_head,1,1,0.570577
efficientad,screw,scratch_head/015.png,scratch_head,1,1,0.665536
efficientad,screw,scratch_head/016.png,scratch_head,1,1,0.606336
efficientad,screw,scratch_head/018.png,scratch_head,1,1,0.592049
efficientad,screw,scratch_head/020.png,scratch_head,1,1,0.581335
efficientad,screw,scratch_head/022.png,scratch_head,1,1,0.604634
efficientad,screw,scratch_head/023.png,scratch_head,1,1,0.606147
efficientad,screw,scratch_neck/000.png,scratch_neck,1,1,0.656592
efficientad,screw,scratch_neck/001.png,scratch_neck,1,1,0.81624
efficientad,screw,scratch_neck/002.png,scratch_neck,1,1,0.618563
efficientad,screw,scratch_neck/005.png,scratch_neck,1,1,0.680892
efficientad,screw,scratch_neck/009.png,scratch_neck,1,1,0.780459
efficientad,screw,scratch_neck/010.png,scratch_neck,1,1,0.685972
efficientad,screw,scratch_neck/011.png,scratch_neck,1,1,0.627142
efficientad,screw,scratch_neck/012.png,scratch_neck,1,1,0.840324
efficientad,screw,scratch_neck/015.png,scratch_neck,1,1,1.0
efficientad,screw,scratch_neck/016.png,scratch_neck,1,1,1.0
efficientad,screw,scratch_neck/019.png,scratch_neck,1,1,0.892832
efficientad,screw,scratch_neck/020.png,scratch_neck,1,1,0.822249
efficientad,screw,scratch_neck/021.png,scratch_neck,1,1,1.0
efficientad,screw,scratch_neck/024.png,scratch_neck,1,1,0.813665
efficientad,screw,thread_side/000.png,thread_side,1,1,0.503066
efficientad,screw,thread_side/002.png,thread_side,1,1,1.0
efficientad,screw,thread_side/003.png,thread_side,1,1,0.546832
efficientad,screw,thread_side/005.png,thread_side,1,1,0.555678
efficientad,screw,thread_side/011.png,thread_side,1,1,0.565969
efficientad,screw,thread_side/013.png,thread_side,1,1,0.584012
efficientad,screw,thread_side/014.png,thread_side,1,1,0.583011
efficientad,screw,thread_side/015.png,thread_side,1,1,0.540405
efficientad,screw,thread_side/016.png,thread_side,1,1,0.535626
efficientad,screw,thread_side/017.png,thread_side,1,1,0.552655
efficientad,screw,thread_side/020.png,thread_side,1,0,0.482541
efficientad,screw,thread_side/021.png,thread_side,1,1,0.601686
efficientad,screw,thread_top/000.png,thread_top,1,1,0.762317
efficientad,screw,thread_top/001.png,thread_top,1,1,0.806938
efficientad,screw,thread_top/003.png,thread_top,1,1,0.631761
efficientad,screw,thread_top/005.png,thread_top,1,1,0.968463
efficientad,screw,thread_top/006.png,thread_top,1,1,0.936744
efficientad,screw,thread_top/007.png,thread_top,1,1,0.875669
efficientad,screw,thread_top/008.png,thread_top,1,1,0.658289
efficientad,screw,thread_top/009.png,thread_top,1,1,0.589386
efficientad,screw,thread_top/010.png,thread_top,1,1,0.848198
efficientad,screw,thread_top/011.png,thread_top,1,1,1.0
efficientad,screw,thread_top/013.png,thread_top,1,1,0.76183
efficientad,screw,thread_top/015.png,thread_top,1,1,0.612688
efficientad,screw,thread_top/019.png,thread_top,1,1,1.0
efficientad,tile,crack/001.png,crack,1,1,0.544085
efficientad,tile,crack/002.png,crack,1,1,0.569814
efficientad,tile,crack/008.png,crack,1,1,0.538919
efficientad,tile,crack/009.png,crack,1,1,0.557224
efficientad,tile,crack/013.png,crack,1,1,0.536153
efficientad,tile,crack/015.png,crack,1,1,0.517742
efficientad,tile,glue_strip/008.png,glue_strip,1,1,0.560816
efficientad,tile,glue_strip/009.png,glue_strip,1,1,0.54323
efficientad,tile,glue_strip/011.png,glue_strip,1,1,0.514267
efficientad,tile,glue_strip/013.png,glue_strip,1,1,0.503172
efficientad,tile,glue_strip/015.png,glue_strip,1,1,0.516737
efficientad,tile,glue_strip/016.png,glue_strip,1,0,0.49897
efficientad,tile,good/001.png,good,0,0,0.495054
efficientad,tile,good/003.png,good,0,0,0.49548
efficientad,tile,good/005.png,good,0,0,0.495551
efficientad,tile,good/006.png,good,0,0,0.495349
efficientad,tile,good/007.png,good,0,0,0.495312
efficientad,tile,good/008.png,good,0,0,0.49545
efficientad,tile,good/010.png,good,0,0,0.495307
efficientad,tile,good/013.png,good,0,0,0.495507
efficientad,tile,good/017.png,good,0,0,0.496832
efficientad,tile,good/019.png,good,0,0,0.495807
efficientad,tile,good/020.png,good,0,0,0.496349
efficientad,tile,good/021.png,good,0,0,0.495104
efficientad,tile,good/026.png,good,0,0,0.494967
efficientad,tile,good/027.png,good,0,0,0.495566
efficientad,tile,good/030.png,good,0,0,0.495292
efficientad,tile,good/031.png,good,0,0,0.495178
efficientad,tile,good/032.png,good,0,0,0.49504
efficientad,tile,gray_stroke/001.png,gray_stroke,1,1,0.514841
efficientad,tile,gray_stroke/003.png,gray_stroke,1,1,0.512667
efficientad,tile,gray_stroke/005.png,gray_stroke,1,1,0.52105
efficientad,tile,gray_stroke/006.png,gray_stroke,1,1,0.526335
efficientad,tile,gray_stroke/007.png,gray_stroke,1,1,0.528
efficientad,tile,gray_stroke/009.png,gray_stroke,1,1,0.526921
efficientad,tile,gray_stroke/010.png,gray_stroke,1,1,0.523302
efficientad,tile,gray_stroke/012.png,gray_stroke,1,1,0.502759
efficientad,tile,gray_stroke/014.png,gray_stroke,1,1,0.521937
efficientad,tile,gray_stroke/015.png,gray_stroke,1,1,0.523065
efficientad,tile,oil/000.png,oil,1,1,0.720795
efficientad,tile,oil/003.png,oil,1,1,0.629997
efficientad,tile,oil/005.png,oil,1,1,1.0
efficientad,tile,oil/006.png,oil,1,1,1.0
efficientad,tile,oil/010.png,oil,1,1,0.977155
efficientad,tile,oil/011.png,oil,1,1,1.0
efficientad,tile,oil/012.png,oil,1,1,1.0
efficientad,tile,oil/013.png,oil,1,1,1.0
efficientad,tile,oil/015.png,oil,1,1,1.0
efficientad,tile,oil/016.png,oil,1,1,1.0
efficientad,tile,oil/017.png,oil,1,1,1.0
efficientad,tile,rough/000.png,rough,1,1,0.504535
efficientad,tile,rough/001.png,rough,1,1,0.508227
efficientad,tile,rough/002.png,rough,1,1,0.514804
efficientad,tile,rough/004.png,rough,1,1,0.540155
efficientad,tile,rough/006.png,rough,1,1,0.51173
efficientad,tile,rough/008.png,rough,1,1,0.539328
efficientad,tile,rough/009.png,rough,1,1,0.524704
efficientad,tile,rough/010.png,rough,1,1,0.501804
efficientad,tile,rough/014.png,rough,1,1,0.53441
efficientad,toothbrush,defective/000.png,defective,1,1,0.563648
efficientad,toothbrush,defective/006.png,defective,1,1,0.505598
efficientad,toothbrush,defective/007.png,defective,1,1,0.523216
efficientad,toothbrush,defective/008.png,defective,1,1,0.548931
efficientad,toothbrush,defective/010.png,defective,1,1,0.96024
efficientad,toothbrush,defective/012.png,defective,1,1,0.54698
efficientad,toothbrush,defective/015.png,defective,1,1,0.583293
efficientad,toothbrush,defective/016.png,defective,1,1,0.654864
efficientad,toothbrush,defective/018.png,defective,1,1,0.551031
efficientad,toothbrush,defective/020.png,defective,1,1,1.0
efficientad,toothbrush,defective/021.png,defective,1,1,0.72543
efficientad,toothbrush,defective/023.png,defective,1,1,0.741487
efficientad,toothbrush,defective/025.png,defective,1,1,0.568649
efficientad,toothbrush,defective/026.png,defective,1,1,0.847809
efficientad,toothbrush,defective/028.png,defective,1,1,0.784623
efficientad,toothbrush,good/000.png,good,0,0,0.486757
efficientad,toothbrush,good/001.png,good,0,0,0.492156
efficientad,toothbrush,good/002.png,good,0,0,0.484567
efficientad,toothbrush,good/006.png,good,0,0,0.484904
efficientad,toothbrush,good/007.png,good,0,0,0.482598
efficientad,toothbrush,good/008.png,good,0,0,0.485689
efficientad,transistor,bent_lead/000.png,bent_lead,1,1,0.598902
efficientad,transistor,bent_lead/002.png,bent_lead,1,1,0.526394
efficientad,transistor,bent_lead/003.png,bent_lead,1,1,0.500973
efficientad,transistor,bent_lead/004.png,bent_lead,1,1,0.781022
efficientad,transistor,bent_lead/007.png,bent_lead,1,1,1.0
efficientad,transistor,bent_lead/008.png,bent_lead,1,1,0.847142
efficientad,transistor,bent_lead/009.png,bent_lead,1,1,0.902147
efficientad,transistor,cut_lead/003.png,cut_lead,1,1,0.589754
efficientad,transistor,cut_lead/004.png,cut_lead,1,1,0.835863
efficientad,transistor,cut_lead/005.png,cut_lead,1,1,0.620176
efficientad,transistor,cut_lead/007.png,cut_lead,1,0,0.487678
efficientad,transistor,cut_lead/008.png,cut_lead,1,1,1.0
efficientad,transistor,damaged_case/002.png,damaged_case,1,0,0.445667
efficientad,transistor,damaged_case/003.png,damaged_case,1,0,0.457762
efficientad,transistor,damaged_case/007.png,damaged_case,1,1,0.642912
efficientad,transistor,damaged_case/009.png,damaged_case,1,1,0.71165
efficientad,transistor,good/001.png,good,0,0,0.432827
efficientad,transistor,good/010.png,good,0,0,0.420424
efficientad,transistor,good/015.png,good,0,0,0.419209
efficientad,transistor,good/016.png,good,0,0,0.433523
efficientad,transistor,good/022.png,good,0,0,0.42938
efficientad,transistor,good/024.png,good,0,0,0.423481
efficientad,transistor,good/026.png,good,0,0,0.432072
efficientad,transistor,good/027.png,good,0,0,0.427038
efficientad,transistor,good/028.png,good,0,0,0.436424
efficientad,transistor,good/030.png,good,0,0,0.42235
efficientad,transistor,good/031.png,good,0,0,0.419583
efficientad,transistor,good/032.png,good,0,0,0.448762
efficientad,transistor,good/033.png,good,0,0,0.442741
efficientad,transistor,good/035.png,good,0,0,0.433602
efficientad,transistor,good/037.png,good,0,0,0.429095
efficientad,transistor,good/038.png,good,0,0,0.438841
efficientad,transistor,good/040.png,good,0,0,0.425728
efficientad,transistor,good/041.png,good,0,0,0.430684
efficientad,transistor,good/042.png,good,0,0,0.436741
efficientad,transistor,good/047.png,good,0,0,0.409769
efficientad,transistor,good/048.png,good,0,0,0.434987
efficientad,transistor,good/049.png,good,0,0,0.448349
efficientad,transistor,good/050.png,good,0,0,0.42448
efficientad,transistor,good/051.png,good,0,0,0.427474
efficientad,transistor,good/052.png,good,0,0,0.456977
efficientad,transistor,good/053.png,good,0,0,0.42958
efficientad,transistor,good/055.png,good,0,0,0.436442
efficientad,transistor,good/057.png,good,0,0,0.423544
efficientad,transistor,good/058.png,good,0,0,0.433606
efficientad,transistor,good/059.png,good,0,0,0.484882
efficientad,transistor,misplaced/002.png,misplaced,1,1,1.0
efficientad,transistor,misplaced/005.png,misplaced,1,1,1.0
efficientad,transistor,misplaced/007.png,misplaced,1,1,1.0
efficientad,transistor,misplaced/008.png,misplaced,1,1,1.0
efficientad,wood,color/001.png,color,1,1,1.0
efficientad,wood,combined/002.png,combined,1,1,0.643147
efficientad,wood,combined/007.png,combined,1,1,1.0
efficientad,wood,combined/008.png,combined,1,1,0.90358
efficientad,wood,good/000.png,good,0,0,0.499187
efficientad,wood,good/001.png,good,0,0,0.499181
efficientad,wood,good/006.png,good,0,0,0.499175
efficientad,wood,good/008.png,good,0,0,0.499127
efficientad,wood,good/010.png,good,0,0,0.499044
efficientad,wood,good/012.png,good,0,0,0.499035
efficientad,wood,good/013.png,good,0,0,0.499058
efficientad,wood,good/015.png,good,0,1,0.515348
efficientad,wood,good/016.png,good,0,1,0.517131
efficientad,wood,good/017.png,good,0,1,0.502086
efficientad,wood,hole/003.png,hole,1,1,0.786595
efficientad,wood,hole/005.png,hole,1,1,0.634227
efficientad,wood,hole/007.png,hole,1,1,0.780743
efficientad,wood,hole/008.png,hole,1,1,0.858015
efficientad,wood,hole/009.png,hole,1,1,0.850101
efficientad,wood,liquid/001.png,liquid,1,1,0.588436
efficientad,wood,liquid/002.png,liquid,1,1,0.503789
efficientad,wood,liquid/003.png,liquid,1,1,0.500281
efficientad,wood,liquid/004.png,liquid,1,1,0.521022
efficientad,wood,liquid/006.png,liquid,1,0,0.499448
efficientad,wood,liquid/008.png,liquid,1,1,0.569736
efficientad,wood,liquid/009.png,liquid,1,1,0.514719
efficientad,wood,scratch/001.png,scratch,1,1,0.500554
efficientad,wood,scratch/002.png,scratch,1,1,0.641665
efficientad,wood,scratch/003.png,scratch,1,1,0.62262
efficientad,wood,scratch/008.png,scratch,1,1,0.614317
efficientad,wood,scratch/009.png,scratch,1,1,0.597649
efficientad,wood,scratch/010.png,scratch,1,1,0.668763
efficientad,wood,scratch/011.png,scratch,1,1,1.0
efficientad,wood,scratch/012.png,scratch,1,1,0.815713
efficientad,wood,scratch/013.png,scratch,1,1,0.788923
efficientad,wood,scratch/014.png,scratch,1,1,0.626898
efficientad,wood,scratch/016.png,scratch,1,1,0.544043
efficientad,wood,scratch/018.png,scratch,1,1,0.516544
efficientad,wood,scratch/019.png,scratch,1,1,0.568671
efficientad,wood,scratch/020.png,scratch,1,1,0.603233
efficientad,zipper,broken_teeth/004.png,broken_teeth,1,1,0.594051
efficientad,zipper,broken_teeth/009.png,broken_teeth,1,1,0.673357
efficientad,zipper,broken_teeth/010.png,broken_teeth,1,1,0.829999
efficientad,zipper,broken_teeth/011.png,broken_teeth,1,1,0.95443
efficientad,zipper,broken_teeth/012.png,broken_teeth,1,1,0.574643
efficientad,zipper,broken_teeth/013.png,broken_teeth,1,1,0.763929
efficientad,zipper,broken_teeth/015.png,broken_teeth,1,1,0.57438
efficientad,zipper,broken_teeth/016.png,broken_teeth,1,1,0.732423
efficientad,zipper,combined/001.png,combined,1,1,0.605724
efficientad,zipper,combined/003.png,combined,1,1,1.0
efficientad,zipper,combined/006.png,combined,1,1,1.0
efficientad,zipper,combined/012.png,combined,1,1,0.613923
efficientad,zipper,combined/014.png,combined,1,1,0.656832
efficientad,zipper,fabric_border/001.png,fabric_border,1,1,1.0
efficientad,zipper,fabric_border/003.png,fabric_border,1,1,1.0
efficientad,zipper,fabric_border/004.png,fabric_border,1,1,1.0
efficientad,zipper,fabric_border/005.png,fabric_border,1,1,1.0
efficientad,zipper,fabric_border/007.png,fabric_border,1,1,1.0
efficientad,zipper,fabric_border/009.png,fabric_border,1,1,1.0
efficientad,zipper,fabric_border/011.png,fabric_border,1,1,1.0
efficientad,zipper,fabric_border/012.png,fabric_border,1,1,1.0
efficientad,zipper,fabric_border/013.png,fabric_border,1,1,1.0
efficientad,zipper,fabric_border/014.png,fabric_border,1,1,1.0
efficientad,zipper,fabric_border/015.png,fabric_border,1,1,1.0
efficientad,zipper,fabric_interior/001.png,fabric_interior,1,1,0.582957
efficientad,zipper,fabric_interior/005.png,fabric_interior,1,1,0.653967
efficientad,zipper,fabric_interior/006.png,fabric_interior,1,1,0.625845
efficientad,zipper,fabric_interior/007.png,fabric_interior,1,1,0.511599
efficientad,zipper,fabric_interior/008.png,fabric_interior,1,1,0.5779
efficientad,zipper,fabric_interior/011.png,fabric_interior,1,1,0.591651
efficientad,zipper,fabric_interior/012.png,fabric_interior,1,0,0.447442
efficientad,zipper,fabric_interior/015.png,fabric_interior,1,1,0.505378
efficientad,zipper,good/002.png,good,0,0,0.428328
efficientad,zipper,good/004.png,good,0,0,0.421836
efficientad,zipper,good/006.png,good,0,0,0.419024
efficientad,zipper,good/007.png,good,0,0,0.446476
efficientad,zipper,good/008.png,good,0,0,0.419021
efficientad,zipper,good/010.png,good,0,0,0.415136
efficientad,zipper,good/013.png,good,0,0,0.432301
efficientad,zipper,good/016.png,good,0,0,0.417921
efficientad,zipper,good/018.png,good,0,0,0.424726
efficientad,zipper,good/021.png,good,0,0,0.498681
efficientad,zipper,good/022.png,good,0,1,0.568848
efficientad,zipper,good/023.png,good,0,0,0.422694
efficientad,zipper,good/024.png,good,0,0,0.442908
efficientad,zipper,good/028.png,good,0,0,0.420121
efficientad,zipper,good/030.png,good,0,0,0.415084
efficientad,zipper,good/031.png,good,0,0,0.421288
efficientad,zipper,rough/000.png,rough,1,1,0.6989
efficientad,zipper,rough/001.png,rough,1,1,1.0
efficientad,zipper,rough/004.png,rough,1,1,0.802955
efficientad,zipper,rough/005.png,rough,1,1,0.652853
efficientad,zipper,rough/007.png,rough,1,1,0.620746
efficientad,zipper,rough/008.png,rough,1,1,0.60101
efficientad,zipper,rough/010.png,rough,1,1,0.869768
efficientad,zipper,rough/016.png,rough,1,1,0.866811
efficientad,zipper,split_teeth/001.png,split_teeth,1,1,0.550161
efficientad,zipper,split_teeth/002.png,split_teeth,1,1,0.618829
efficientad,zipper,split_teeth/003.png,split_teeth,1,1,0.59498
efficientad,zipper,split_teeth/004.png,split_teeth,1,1,0.77817
efficientad,zipper,split_teeth/005.png,split_teeth,1,1,0.579761
efficientad,zipper,split_teeth/008.png,split_teeth,1,1,0.512928
efficientad,zipper,split_teeth/009.png,split_teeth,1,1,0.650816
efficientad,zipper,split_teeth/011.png,split_teeth,1,1,0.641636
efficientad,zipper,split_teeth/012.png,split_teeth,1,1,0.638183
efficientad,zipper,split_teeth/014.png,split_teeth,1,1,0.627897
efficientad,zipper,split_teeth/016.png,split_teeth,1,1,0.662852
efficientad,zipper,split_teeth/017.png,split_teeth,1,1,0.603555
efficientad,zipper,squeezed_teeth/000.png,squeezed_teeth,1,1,0.657588
efficientad,zipper,squeezed_teeth/001.png,squeezed_teeth,1,1,0.609856
efficientad,zipper,squeezed_teeth/002.png,squeezed_teeth,1,1,0.727026
efficientad,zipper,squeezed_teeth/003.png,squeezed_teeth,1,1,0.634424
efficientad,zipper,squeezed_teeth/004.png,squeezed_teeth,1,1,0.6094
efficientad,zipper,squeezed_teeth/006.png,squeezed_teeth,1,1,0.582436
efficientad,zipper,squeezed_teeth/008.png,squeezed_teeth,1,1,0.590108
efficientad,zipper,squeezed_teeth/012.png,squeezed_teeth,1,1,0.646074
fastflow,bottle,broken_large/002.png,broken_large,1,1,0.747904
fastflow,bottle,broken_large/005.png,broken_large,1,1,0.741014
fastflow,bottle,broken_large/006.png,broken_large,1,1,0.754974
fastflow,bottle,broken_large/007.png,broken_large,1,1,0.753999
fastflow,bottle,broken_large/008.png,broken_large,1,1,0.747346
fastflow,bottle,broken_large/009.png,broken_large,1,1,0.752582
fastflow,bottle,broken_large/011.png,broken_large,1,1,0.69719
fastflow,bottle,broken_large/012.png,broken_large,1,1,0.737607
fastflow,bottle,broken_large/013.png,broken_large,1,1,0.744864
fastflow,bottle,broken_large/015.png,broken_large,1,1,0.74936
fastflow,bottle,broken_large/016.png,broken_large,1,1,0.755693
fastflow,bottle,broken_large/017.png,broken_large,1,1,0.754333
fastflow,bottle,broken_large/018.png,broken_large,1,1,0.754052
fastflow,bottle,broken_large/019.png,broken_large,1,1,0.7544
fastflow,bottle,broken_small/010.png,broken_small,1,1,0.733527
fastflow,bottle,broken_small/011.png,broken_small,1,1,0.716585
fastflow,bottle,broken_small/013.png,broken_small,1,1,0.741119
fastflow,bottle,broken_small/015.png,broken_small,1,1,0.745053
fastflow,bottle,broken_small/016.png,broken_small,1,1,0.747847
fastflow,bottle,broken_small/017.png,broken_small,1,1,0.755066
fastflow,bottle,broken_small/018.png,broken_small,1,1,0.75402
fastflow,bottle,broken_small/020.png,broken_small,1,1,0.749439
fastflow,bottle,broken_small/021.png,broken_small,1,1,0.753675
fastflow,bottle,contamination/002.png,contamination,1,1,0.739361
fastflow,bottle,contamination/007.png,contamination,1,1,0.755693
fastflow,bottle,contamination/008.png,contamination,1,1,0.755497
fastflow,bottle,contamination/010.png,contamination,1,1,0.755646
fastflow,bottle,contamination/012.png,contamination,1,1,0.755692
fastflow,bottle,contamination/015.png,contamination,1,1,0.75417
fastflow,bottle,contamination/017.png,contamination,1,1,0.755693
fastflow,bottle,contamination/019.png,contamination,1,1,0.562566
fastflow,bottle,contamination/020.png,contamination,1,1,0.755628
fastflow,bottle,good/000.png,good,0,0,0.344751
fastflow,bottle,good/001.png,good,0,0,0.499724
fastflow,bottle,good/002.png,good,0,0,0.0
fastflow,bottle,good/004.png,good,0,0,0.0
fastflow,bottle,good/006.png,good,0,0,0.05298
fastflow,bottle,good/010.png,good,0,0,0.420408
fastflow,bottle,good/011.png,good,0,0,0.0
fastflow,bottle,good/014.png,good,0,0,0.0
fastflow,bottle,good/015.png,good,0,0,0.05742
fastflow,bottle,good/018.png,good,0,0,0.211231
fastflow,cable,bent_wire/001.png,bent_wire,1,1,1.0
fastflow,cable,bent_wire/002.png,bent_wire,1,1,1.0
fastflow,cable,bent_wire/003.png,bent_wire,1,1,0.919846
fastflow,cable,bent_wire/004.png,bent_wire,1,1,1.0
fastflow,cable,bent_wire/005.png,bent_wire,1,1,1.0
fastflow,cable,bent_wire/006.png,bent_wire,1,1,1.0
fastflow,cable,bent_wire/008.png,bent_wire,1,1,1.0
fastflow,cable,bent_wire/011.png,bent_wire,1,1,1.0
fastflow,cable,cable_swap/001.png,cable_swap,1,1,0.966794
fastflow,cable,cable_swap/004.png,cable_swap,1,1,0.628756
fastflow,cable,cable_swap/005.png,cable_swap,1,1,0.569791
fastflow,cable,cable_swap/009.png,cable_swap,1,1,0.753263
fastflow,cable,cable_swap/010.png,cable_swap,1,1,0.596927
fastflow,cable,cable_swap/011.png,cable_swap,1,1,0.586186
fastflow,cable,combined/000.png,combined,1,1,0.857795
fastflow,cable,combined/002.png,combined,1,1,1.0
fastflow,cable,combined/003.png,combined,1,1,0.906684
fastflow,cable,combined/004.png,combined,1,1,1.0
fastflow,cable,combined/005.png,combined,1,1,1.0
fastflow,cable,combined/006.png,combined,1,1,1.0
fastflow,cable,combined/008.png,combined,1,1,1.0
fastflow,cable,cut_inner_insulation/001.png,cut_inner_insulation,1,1,0.906431
fastflow,cable,cut_inner_insulation/003.png,cut_inner_insulation,1,1,1.0
fastflow,cable,cut_inner_insulation/006.png,cut_inner_insulation,1,1,0.636194
fastflow,cable,cut_inner_insulation/011.png,cut_inner_insulation,1,1,1.0
fastflow,cable,cut_inner_insulation/013.png,cut_inner_insulation,1,1,0.880912
fastflow,cable,cut_outer_insulation/003.png,cut_outer_insulation,1,1,0.87694
fastflow,cable,cut_outer_insulation/004.png,cut_outer_insulation,1,1,1.0
fastflow,cable,cut_outer_insulation/006.png,cut_outer_insulation,1,1,1.0
fastflow,cable,cut_outer_insulation/009.png,cut_outer_insulation,1,1,1.0
fastflow,cable,good/000.png,good,0,0,0.388471
fastflow,cable,good/001.png,good,0,0,0.338883
fastflow,cable,good/002.png,good,0,0,0.386757
fastflow,cable,good/005.png,good,0,0,0.301366
fastflow,cable,good/006.png,good,0,0,0.443731
fastflow,cable,good/008.png,good,0,0,0.484113
fastflow,cable,good/011.png,good,0,0,0.336024
fastflow,cable,good/012.png,good,0,1,0.577085
fastflow,cable,good/015.png,good,0,0,0.308509
fastflow,cable,good/016.png,good,0,0,0.446577
fastflow,cable,good/017.png,good,0,0,0.331778
fastflow,cable,good/018.png,good,0,0,0.187984
fastflow,cable,good/022.png,good,0,1,0.816696
fastflow,cable,good/023.png,good,0,0,0.249549
fastflow,cable,good/025.png,good,0,1,0.582972
fastflow,cable,good/029.png,good,0,0,0.368332
fastflow,cable,good/030.png,good,0,1,0.699462
fastflow,cable,good/031.png,good,0,0,0.338398
fastflow,cable,good/033.png,good,0,0,0.378712
fastflow,cable,good/035.png,good,0,0,0.318225
fastflow,cable,good/038.png,good,0,0,0.436062
fastflow,cable,good/040.png,good,0,1,0.544639
fastflow,cable,good/044.png,good,0,0,0.328687
fastflow,cable,good/047.png,good,0,1,0.56993
fastflow,cable,good/049.png,good,0,1,0.788055
fastflow,cable,good/051.png,good,0,1,0.544448
fastflow,cable,good/054.png,good,0,0,0.411544
fastflow,cable,good/055.png,good,0,1,0.66109
fastflow,cable,good/057.png,good,0,0,0.238052
fastflow,cable,missing_cable/002.png,missing_cable,1,1,0.78761
fastflow,cable,missing_cable/003.png,missing_cable,1,1,0.920091
fastflow,cable,missing_cable/004.png,missing_cable,1,1,1.0
fastflow,cable,missing_cable/006.png,missing_cable,1,1,1.0
fastflow,cable,missing_cable/009.png,missing_cable,1,1,1.0
fastflow,cable,missing_cable/011.png,missing_cable,1,1,1.0
fastflow,cable,missing_wire/002.png,missing_wire,1,1,0.766698
fastflow,cable,missing_wire/006.png,missing_wire,1,1,0.692456
fastflow,cable,missing_wire/007.png,missing_wire,1,1,0.539451
fastflow,cable,missing_wire/009.png,missing_wire,1,1,0.842179
fastflow,cable,poke_insulation/001.png,poke_insulation,1,1,0.873247
fastflow,cable,poke_insulation/003.png,poke_insulation,1,1,0.644912
fastflow,cable,poke_insulation/004.png,poke_insulation,1,0,0.408192
fastflow,cable,poke_insulation/005.png,poke_insulation,1,1,0.891325
fastflow,cable,poke_insulation/007.png,poke_insulation,1,1,1.0
fastflow,cable,poke_insulation/009.png,poke_insulation,1,1,0.863613
fastflow,capsule,crack/002.png,crack,1,1,0.951255
fastflow,capsule,crack/006.png,crack,1,1,0.987008
fastflow,capsule,crack/007.png,crack,1,1,1.0
fastflow,capsule,crack/008.png,crack,1,1,0.751752
fastflow,capsule,crack/009.png,crack,1,1,0.914603
fastflow,capsule,crack/012.png,crack,1,1,0.99998
fastflow,capsule,crack/013.png,crack,1,1,0.937941
fastflow,capsule,crack/017.png,crack,1,1,0.984278
fastflow,capsule,crack/020.png,crack,1,1,0.973223
fastflow,capsule,crack/022.png,crack,1,1,1.0
fastflow,capsule,faulty_imprint/001.png,faulty_imprint,1,0,0.418621
fastflow,capsule,faulty_imprint/009.png,faulty_imprint,1,1,0.629576
fastflow,capsule,faulty_imprint/011.png,faulty_imprint,1,0,0.431261
fastflow,capsule,faulty_imprint/012.png,faulty_imprint,1,1,0.675413
fastflow,capsule,faulty_imprint/016.png,faulty_imprint,1,1,0.652861
fastflow,capsule,faulty_imprint/018.png,faulty_imprint,1,1,0.611059
fastflow,capsule,faulty_imprint/019.png,faulty_imprint,1,1,0.566626
fastflow,capsule,faulty_imprint/020.png,faulty_imprint,1,1,0.923743
fastflow,capsule,good/000.png,good,0,1,0.60778
fastflow,capsule,good/001.png,good,0,0,0.052941
fastflow,capsule,good/002.png,good,0,0,0.480199
fastflow,capsule,good/005.png,good,0,0,0.084311
fastflow,capsule,good/006.png,good,0,1,0.813723
fastflow,capsule,good/008.png,good,0,0,0.406006
fastflow,capsule,good/011.png,good,0,1,0.616265
fastflow,capsule,good/014.png,good,0,0,0.361389
fastflow,capsule,good/016.png,good,0,0,0.337125
fastflow,capsule,good/017.png,good,0,0,0.244927
fastflow,capsule,good/018.png,good,0,0,0.367459
fastflow,capsule,good/021.png,good,0,1,0.794586
fastflow,capsule,poke/002.png,poke,1,1,0.525287
fastflow,capsule,poke/003.png,poke,1,1,0.86852
fastflow,capsule,poke/004.png,poke,1,1,0.933036
fastflow,capsule,poke/005.png,poke,1,1,0.761835
fastflow,capsule,poke/006.png,poke,1,1,0.648309
fastflow,capsule,poke/007.png,poke,1,1,0.841146
fastflow,capsule,poke/008.png,poke,1,1,1.0
fastflow,capsule,poke/010.png,poke,1,1,0.578219
fastflow,capsule,poke/011.png,poke,1,1,0.885881
fastflow,capsule,poke/015.png,poke,1,1,0.630029
fastflow,capsule,poke/017.png,poke,1,1,0.967537
fastflow,capsule,poke/018.png,poke,1,1,0.689605
fastflow,capsule,poke/019.png,poke,1,1,0.715766
fastflow,capsule,poke/020.png,poke,1,1,0.871897
fastflow,capsule,scratch/000.png,scratch,1,1,0.78027
fastflow,capsule,scratch/002.png,scratch,1,1,0.677499
fastflow,capsule,scratch/003.png,scratch,1,1,0.679166
fastflow,capsule,scratch/005.png,scratch,1,1,0.58028
fastflow,capsule,scratch/006.png,scratch,1,1,0.803456
fastflow,capsule,scratch/007.png,scratch,1,1,0.826647
fastflow,capsule,scratch/008.png,scratch,1,1,0.898908
fastflow,capsule,scratch/011.png,scratch,1,1,0.969663
fastflow,capsule,scratch/016.png,scratch,1,1,0.935729
fastflow,capsule,scratch/019.png,scratch,1,1,0.919559
fastflow,capsule,scratch/020.png,scratch,1,1,0.954961
fastflow,capsule,scratch/021.png,scratch,1,0,0.475549
fastflow,capsule,scratch/022.png,scratch,1,1,0.941567
fastflow,capsule,squeeze/000.png,squeeze,1,1,1.0
fastflow,capsule,squeeze/003.png,squeeze,1,1,1.0
fastflow,capsule,squeeze/004.png,squeeze,1,1,1.0
fastflow,capsule,squeeze/006.png,squeeze,1,1,1.0
fastflow,capsule,squeeze/009.png,squeeze,1,1,1.0
fastflow,capsule,squeeze/011.png,squeeze,1,1,1.0
fastflow,capsule,squeeze/013.png,squeeze,1,1,1.0
fastflow,capsule,squeeze/014.png,squeeze,1,1,1.0
fastflow,capsule,squeeze/015.png,squeeze,1,1,1.0
fastflow,capsule,squeeze/017.png,squeeze,1,1,1.0
fastflow,carpet,color/002.png,color,1,0,0.419626
fastflow,carpet,color/004.png,color,1,1,0.502764
fastflow,carpet,color/006.png,color,1,0,0.152977
fastflow,carpet,color/009.png,color,1,1,0.685447
fastflow,carpet,color/011.png,color,1,1,0.795513
fastflow,carpet,color/013.png,color,1,1,0.786196
fastflow,carpet,color/015.png,color,1,1,0.771081
fastflow,carpet,color/016.png,color,1,1,0.605213
fastflow,carpet,color/017.png,color,1,1,0.678993
fastflow,carpet,color/018.png,color,1,1,0.679876
fastflow,carpet,cut/001.png,cut,1,1,0.676052
fastflow,carpet,cut/002.png,cut,1,1,0.769827
fastflow,carpet,cut/008.png,cut,1,1,0.520967
fastflow,carpet,cut/013.png,cut,1,1,0.727619
fastflow,carpet,cut/016.png,cut,1,1,0.673695
fastflow,carpet,good/000.png,good,0,0,0.0
fastflow,carpet,good/004.png,good,0,0,0.229808
fastflow,carpet,good/007.png,good,0,0,0.046949
fastflow,carpet,good/008.png,good,0,0,0.119607
fastflow,carpet,good/009.png,good,0,0,0.091702
fastflow,carpet,good/010.png,good,0,0,0.0
fastflow,carpet,good/012.png,good,0,0,0.407741
fastflow,carpet,good/014.png,good,0,0,0.233929
fastflow,carpet,good/016.png,good,0,0,0.0
fastflow,carpet,good/017.png,good,0,0,0.0
fastflow,carpet,good/018.png,good,0,0,0.004382
fastflow,carpet,good/020.png,good,0,0,0.0
fastflow,carpet,good/022.png,good,0,0,0.207267
fastflow,carpet,good/024.png,good,0,0,0.006327
fastflow,carpet,hole/000.png,hole,1,1,0.56041
fastflow,carpet,hole/002.png,hole,1,1,0.758751
fastflow,carpet,hole/003.png,hole,1,1,0.742965
fastflow,carpet,hole/004.png,hole,1,1,0.72392
fastflow,carpet,hole/006.png,hole,1,1,0.765959
fastflow,carpet,hole/009.png,hole,1,1,0.755033
fastflow,carpet,hole/011.png,hole,1,1,0.705258
fastflow,carpet,hole/012.png,hole,1,1,0.609507
fastflow,carpet,hole/013.png,hole,1,1,0.668036
fastflow,carpet,hole/015.png,hole,1,1,0.76165
fastflow,carpet,hole/016.png,hole,1,1,0.652948
fastflow,carpet,metal_contamination/001.png,metal_contamination,1,0,0.273798
fastflow,carpet,metal_contamination/002.png,metal_contamination,1,1,0.701038
fastflow,carpet,metal_contamination/003.png,metal_contamination,1,1,0.76225
fastflow,carpet,metal_contamination/004.png,metal_contamination,1,1,0.583601
fastflow,carpet,metal_contamination/008.png,metal_contamination,1,1,0.741484
fastflow,carpet,metal_contamination/011.png,metal_contamination,1,1,0.659217
fastflow,carpet,metal_contamination/012.png,metal_contamination,1,1,0.60757
fastflow,carpet,metal_contamination/014.png,metal_contamination,1,0,0.491877
fastflow,carpet,metal_contamination/016.png,metal_contamination,1,1,0.673764
fastflow,carpet,thread/000.png,thread,1,1,0.746078
fastflow,carpet,thread/001.png,thread,1,1,0.642456
fastflow,carpet,thread/003.png,thread,1,1,0.66598
fastflow,carpet,thread/005.png,thread,1,1,0.767195
fastflow,carpet,thread/011.png,thread,1,1,0.685129
fastflow,carpet,thread/012.png,thread,1,1,0.764489
fastflow,carpet,thread/015.png,thread,1,0,0.135162
fastflow,carpet,thread/016.png,thread,1,1,0.528793
fastflow,carpet,thread/017.png,thread,1,1,0.735058
fastflow,carpet,thread/018.png,thread,1,0,0.239658
fastflow,grid,bent/000.png,bent,1,1,0.932127
fastflow,grid,bent/002.png,bent,1,1,0.889163
fastflow,grid,bent/003.png,bent,1,1,1.0
fastflow,grid,bent/004.png,bent,1,1,0.861531
fastflow,grid,bent/007.png,bent,1,1,0.827639
fastflow,grid,bent/009.png,bent,1,1,0.655598
fastflow,grid,bent/011.png,bent,1,1,0.891119
fastflow,grid,broken/002.png,broken,1,1,0.758478
fastflow,grid,broken/003.png,broken,1,1,0.861248
fastflow,grid,broken/004.png,broken,1,1,1.0
fastflow,grid,glue/001.png,glue,1,0,0.328563
fastflow,grid,glue/004.png,glue,1,1,0.605922
fastflow,grid,glue/005.png,glue,1,1,0.738805
fastflow,grid,glue/007.png,glue,1,0,0.468233
fastflow,grid,glue/008.png,glue,1,0,0.0
fastflow,grid,glue/009.png,glue,1,1,0.586833
fastflow,grid,good/002.png,good,0,0,0.098214
fastflow,grid,good/004.png,good,0,0,0.298278
fastflow,grid,good/007.png,good,0,0,0.44863
fastflow,grid,good/008.png,good,0,0,0.179931
fastflow,grid,good/011.png,good,0,0,0.339991
fastflow,grid,good/012.png,good,0,0,0.312466
fastflow,grid,good/013.png,good,0,0,0.021914
fastflow,grid,good/014.png,good,0,0,0.0
fastflow,grid,good/015.png,good,0,0,0.145607
fastflow,grid,good/016.png,good,0,0,0.000647
fastflow,grid,good/019.png,good,0,0,0.353142
fastflow,grid,metal_contamination/001.png,metal_contamination,1,1,1.0
fastflow,grid,metal_contamination/003.png,metal_contamination,1,1,0.976666
fastflow,grid,metal_contamination/004.png,metal_contamination,1,1,1.0
fastflow,grid,metal_contamination/005.png,metal_contamination,1,1,0.974698
fastflow,grid,metal_contamination/007.png,metal_contamination,1,1,0.622568
fastflow,grid,metal_contamination/008.png,metal_contamination,1,1,0.876029
fastflow,grid,metal_contamination/009.png,metal_contamination,1,1,0.873706
fastflow,grid,metal_contamination/010.png,metal_contamination,1,1,0.98233
fastflow,grid,thread/001.png,thread,1,1,1.0
fastflow,grid,thread/004.png,thread,1,1,1.0
fastflow,grid,thread/006.png,thread,1,1,0.79071
fastflow,grid,thread/008.png,thread,1,1,0.940193
fastflow,grid,thread/009.png,thread,1,1,0.889003
fastflow,hazelnut,crack/000.png,crack,1,1,0.655061
fastflow,hazelnut,crack/002.png,crack,1,1,0.964206
fastflow,hazelnut,crack/007.png,crack,1,1,0.688663
fastflow,hazelnut,crack/012.png,crack,1,1,0.543057
fastflow,hazelnut,crack/015.png,crack,1,1,0.748011
fastflow,hazelnut,crack/016.png,crack,1,0,0.447331
fastflow,hazelnut,crack/017.png,crack,1,1,0.893763
fastflow,hazelnut,cut/000.png,cut,1,1,0.684735
fastflow,hazelnut,cut/001.png,cut,1,1,0.625411
fastflow,hazelnut,cut/002.png,cut,1,0,0.329329
fastflow,hazelnut,cut/004.png,cut,1,1,0.759829
fastflow,hazelnut,cut/005.png,cut,1,1,0.901256
fastflow,hazelnut,cut/009.png,cut,1,1,0.53845
fastflow,hazelnut,cut/010.png,cut,1,1,0.732373
fastflow,hazelnut,cut/011.png,cut,1,1,0.762869
fastflow,hazelnut,cut/012.png,cut,1,1,0.857648
fastflow,hazelnut,cut/015.png,cut,1,1,0.906039
fastflow,hazelnut,good/000.png,good,0,1,0.782969
fastflow,hazelnut,good/002.png,good,0,1,0.95436
fastflow,hazelnut,good/003.png,good,0,1,0.789841
fastflow,hazelnut,good/004.png,good,0,1,0.684751
fastflow,hazelnut,good/007.png,good,0,1,0.867681
fastflow,hazelnut,good/008.png,good,0,1,0.786825
fastflow,hazelnut,good/009.png,good,0,0,0.301391
fastflow,hazelnut,good/013.png,good,0,1,0.609055
fastflow,hazelnut,good/014.png,good,0,0,0.483942
fastflow,hazelnut,good/015.png,good,0,1,0.726003
fastflow,hazelnut,good/017.png,good,0,1,0.854001
fastflow,hazelnut,good/018.png,good,0,1,0.612355
fastflow,hazelnut,good/022.png,good,0,1,0.609747
fastflow,hazelnut,good/023.png,good,0,0,0.155752
fastflow,hazelnut,good/027.png,good,0,1,0.5356
fastflow,hazelnut,good/029.png,good,0,0,0.0
fastflow,hazelnut,good/032.png,good,0,0,0.214622
fastflow,hazelnut,good/035.png,good,0,0,0.198954
fastflow,hazelnut,good/037.png,good,0,1,0.757361
fastflow,hazelnut,good/038.png,good,0,0,0.272676
fastflow,hazelnut,hole/002.png,hole,1,1,0.881417
fastflow,hazelnut,hole/003.png,hole,1,1,0.823033
fastflow,hazelnut,hole/006.png,hole,1,1,0.630215
fastflow,hazelnut,hole/007.png,hole,1,1,0.959405
fastflow,hazelnut,hole/008.png,hole,1,1,0.544032
fastflow,hazelnut,hole/015.png,hole,1,1,0.833327
fastflow,hazelnut,hole/016.png,hole,1,0,0.268817
fastflow,hazelnut,print/002.png,print,1,1,0.962998
fastflow,hazelnut,print/003.png,print,1,1,0.824696
fastflow,hazelnut,print/005.png,print,1,1,0.944436
fastflow,hazelnut,print/006.png,print,1,1,0.962657
fastflow,hazelnut,print/008.png,print,1,1,0.95255
fastflow,hazelnut,print/010.png,print,1,1,0.961748
fastflow,hazelnut,print/011.png,print,1,1,0.964053
fastflow,hazelnut,print/012.png,print,1,1,0.961535
fastflow,hazelnut,print/013.png,print,1,1,0.793872
fastflow,hazelnut,print/015.png,print,1,0,0.496105
fastflow,hazelnut,print/016.png,print,1,1,0.961324
fastflow,leather,color/001.png,color,1,1,0.748883
fastflow,leather,color/002.png,color,1,1,0.727704
fastflow,leather,color/003.png,color,1,1,0.747405
fastflow,leather,color/004.png,color,1,1,0.608235
fastflow,leather,color/005.png,color,1,1,0.738449
fastflow,leather,color/006.png,color,1,1,0.748884
fastflow,leather,color/008.png,color,1,1,0.723385
fastflow,leather,color/011.png,color,1,1,0.747215
fastflow,leather,color/014.png,color,1,1,0.749154
fastflow,leather,color/017.png,color,1,1,0.696565
fastflow,leather,color/018.png,color,1,1,0.748411
fastflow,leather,cut/003.png,cut,1,1,0.749154
fastflow,leather,cut/004.png,cut,1,1,0.749011
fastflow,leather,cut/005.png,cut,1,1,0.745139
fastflow,leather,cut/006.png,cut,1,1,0.729477
fastflow,leather,cut/008.png,cut,1,1,0.749154
fastflow,leather,cut/009.png,cut,1,1,0.720009
fastflow,leather,cut/010.png,cut,1,1,0.736898
fastflow,leather,cut/011.png,cut,1,1,0.742267
fastflow,leather,cut/012.png,cut,1,1,0.748561
fastflow,leather,cut/014.png,cut,1,1,0.676974
fastflow,leather,cut/018.png,cut,1,1,0.749154
fastflow,leather,fold/001.png,fold,1,1,0.746383
fastflow,leather,fold/004.png,fold,1,1,0.749154
fastflow,leather,fold/009.png,fold,1,1,0.746989
fastflow,leather,fold/011.png,fold,1,1,0.748083
fastflow,leather,fold/015.png,fold,1,1,0.749145
fastflow,leather,fold/016.png,fold,1,1,0.749065
fastflow,leather,glue/001.png,glue,1,1,0.747493
fastflow,leather,glue/004.png,glue,1,1,0.714033
fastflow,leather,glue/007.png,glue,1,1,0.747442
fastflow,leather,glue/008.png,glue,1,1,0.749138
fastflow,leather,glue/009.png,glue,1,1,0.717642
fastflow,leather,glue/011.png,glue,1,1,0.743569
fastflow,leather,glue/014.png,glue,1,1,0.749154
fastflow,leather,glue/016.png,glue,1,1,0.616948
fastflow,leather,good/002.png,good,0,0,0.0
fastflow,leather,good/004.png,good,0,0,0.322982
fastflow,leather,good/006.png,good,0,0,0.098156
fastflow,leather,good/007.png,good,0,0,0.0
fastflow,leather,good/008.png,good,0,0,0.0
fastflow,leather,good/010.png,good,0,0,0.116957
fastflow,leather,good/013.png,good,0,0,0.043561
fastflow,leather,good/016.png,good,0,0,0.0
fastflow,leather,good/018.png,good,0,0,0.0
fastflow,leather,good/021.png,good,0,0,0.0
fastflow,leather,good/022.png,good,0,0,0.0
fastflow,leather,good/023.png,good,0,0,0.0
fastflow,leather,good/024.png,good,0,0,0.445535
fastflow,leather,good/028.png,good,0,0,0.0
fastflow,leather,good/030.png,good,0,0,0.16549
fastflow,leather,good/031.png,good,0,0,0.0
fastflow,leather,poke/000.png,poke,1,1,0.728238
fastflow,leather,poke/004.png,poke,1,1,0.749151
fastflow,leather,poke/005.png,poke,1,1,0.749154
fastflow,leather,poke/007.png,poke,1,1,0.749049
fastflow,leather,poke/009.png,poke,1,1,0.749152
fastflow,leather,poke/011.png,poke,1,1,0.749152
fastflow,leather,poke/012.png,poke,1,1,0.746288
fastflow,leather,poke/013.png,poke,1,1,0.738676
fastflow,leather,poke/015.png,poke,1,1,0.749071
fastflow,leather,poke/017.png,poke,1,1,0.749154
fastflow,metal_nut,bent/000.png,bent,1,1,0.970974
fastflow,metal_nut,bent/003.png,bent,1,1,0.896753
fastflow,metal_nut,bent/004.png,bent,1,1,0.67677
fastflow,metal_nut,bent/007.png,bent,1,1,0.59535
fastflow,metal_nut,bent/008.png,bent,1,1,0.865743
fastflow,metal_nut,bent/010.png,bent,1,1,0.673552
fastflow,metal_nut,bent/013.png,bent,1,1,1.0
fastflow,metal_nut,bent/017.png,bent,1,1,0.785722
fastflow,metal_nut,bent/018.png,bent,1,1,1.0
fastflow,metal_nut,bent/020.png,bent,1,1,0.720452
fastflow,metal_nut,bent/024.png,bent,1,1,0.823048
fastflow,metal_nut,color/003.png,color,1,1,0.704413
fastflow,metal_nut,color/004.png,color,1,1,1.0
fastflow,metal_nut,color/006.png,color,1,1,0.79187
fastflow,metal_nut,color/008.png,color,1,1,1.0
fastflow,metal_nut,color/009.png,color,1,1,1.0
fastflow,metal_nut,color/011.png,color,1,1,0.977798
fastflow,metal_nut,color/012.png,color,1,1,0.987676
fastflow,metal_nut,color/014.png,color,1,1,1.0
fastflow,metal_nut,color/018.png,color,1,1,1.0
fastflow,metal_nut,color/019.png,color,1,1,0.993866
fastflow,metal_nut,color/020.png,color,1,1,1.0
fastflow,metal_nut,color/021.png,color,1,1,0.955687
fastflow,metal_nut,flip/001.png,flip,1,1,1.0
fastflow,metal_nut,flip/004.png,flip,1,1,1.0
fastflow,metal_nut,flip/006.png,flip,1,1,1.0
fastflow,metal_nut,flip/007.png,flip,1,1,1.0
fastflow,metal_nut,flip/008.png,flip,1,1,1.0
fastflow,metal_nut,flip/009.png,flip,1,1,1.0
fastflow,metal_nut,flip/012.png,flip,1,1,1.0
fastflow,metal_nut,flip/013.png,flip,1,1,1.0
fastflow,metal_nut,flip/014.png,flip,1,1,1.0
fastflow,metal_nut,flip/015.png,flip,1,1,1.0
fastflow,metal_nut,flip/017.png,flip,1,1,1.0
fastflow,metal_nut,flip/018.png,flip,1,1,1.0
fastflow,metal_nut,flip/020.png,flip,1,1,1.0
fastflow,metal_nut,good/002.png,good,0,0,0.419269
fastflow,metal_nut,good/003.png,good,0,0,0.079452
fastflow,metal_nut,good/004.png,good,0,1,0.987524
fastflow,metal_nut,good/006.png,good,0,1,0.798088
fastflow,metal_nut,good/008.png,good,0,0,0.305322
fastflow,metal_nut,good/011.png,good,0,0,0.197211
fastflow,metal_nut,good/016.png,good,0,1,0.720467
fastflow,metal_nut,good/017.png,good,0,0,0.257325
fastflow,metal_nut,good/018.png,good,0,0,0.033185
fastflow,metal_nut,good/020.png,good,0,0,0.199191
fastflow,metal_nut,good/021.png,good,0,0,0.363886
fastflow,metal_nut,scratch/007.png,scratch,1,1,0.979599
fastflow,metal_nut,scratch/008.png,scratch,1,1,0.916337
fastflow,metal_nut,scratch/011.png,scratch,1,1,0.819857
fastflow,metal_nut,scratch/012.png,scratch,1,1,0.959174
fastflow,metal_nut,scratch/014.png,scratch,1,1,0.715035
fastflow,metal_nut,scratch/015.png,scratch,1,1,0.994662
fastflow,metal_nut,scratch/016.png,scratch,1,1,0.963655
fastflow,metal_nut,scratch/017.png,scratch,1,1,0.933054
fastflow,metal_nut,scratch/018.png,scratch,1,1,1.0
fastflow,metal_nut,scratch/021.png,scratch,1,1,1.0
fastflow,metal_nut,scratch/022.png,scratch,1,0,0.474954
fastflow,pill,color/004.png,color,1,1,0.893276
fastflow,pill,color/005.png,color,1,1,0.899788
fastflow,pill,color/006.png,color,1,1,0.563248
fastflow,pill,color/009.png,color,1,1,0.824093
fastflow,pill,color/010.png,color,1,1,0.866387
fastflow,pill,color/016.png,color,1,0,0.496012
fastflow,pill,color/018.png,color,1,1,0.615965
fastflow,pill,color/019.png,color,1,1,0.816238
fastflow,pill,color/020.png,color,1,1,0.75548
fastflow,pill,combined/000.png,combined,1,1,0.730696
fastflow,pill,combined/003.png,combined,1,1,0.816128
fastflow,pill,combined/004.png,combined,1,1,0.81856
fastflow,pill,combined/005.png,combined,1,1,0.844203
fastflow,pill,combined/007.png,combined,1,0,0.378931
fastflow,pill,combined/008.png,combined,1,1,0.873278
fastflow,pill,combined/010.png,combined,1,1,0.730253
fastflow,pill,combined/011.png,combined,1,1,0.848864
fastflow,pill,combined/014.png,combined,1,1,0.896455
fastflow,pill,combined/015.png,combined,1,1,0.858322
fastflow,pill,contamination/004.png,contamination,1,0,0.387242
fastflow,pill,contamination/008.png,contamination,1,1,0.549832
fastflow,pill,contamination/010.png,contamination,1,0,0.486994
fastflow,pill,contamination/014.png,contamination,1,1,0.765693
fastflow,pill,contamination/017.png,contamination,1,1,0.780435
fastflow,pill,contamination/018.png,contamination,1,1,0.810205
fastflow,pill,contamination/020.png,contamination,1,1,0.779338
fastflow,pill,crack/000.png,crack,1,1,0.820472
fastflow,pill,crack/002.png,crack,1,1,0.856805
fastflow,pill,crack/006.png,crack,1,1,0.793617
fastflow,pill,crack/009.png,crack,1,1,0.656258
fastflow,pill,crack/010.png,crack,1,0,0.418304
fastflow,pill,crack/013.png,crack,1,0,0.455735
fastflow,pill,crack/014.png,crack,1,0,0.372144
fastflow,pill,crack/015.png,crack,1,0,0.431939
fastflow,pill,crack/016.png,crack,1,1,0.678269
fastflow,pill,crack/018.png,crack,1,1,0.638242
fastflow,pill,crack/019.png,crack,1,1,0.720232
fastflow,pill,crack/023.png,crack,1,0,0.451626
fastflow,pill,crack/024.png,crack,1,0,0.104104
fastflow,pill,faulty_imprint/002.png,faulty_imprint,1,1,0.773794
fastflow,pill,faulty_imprint/004.png,faulty_imprint,1,0,0.406534
fastflow,pill,faulty_imprint/009.png,faulty_imprint,1,1,0.600141
fastflow,pill,faulty_imprint/011.png,faulty_imprint,1,1,0.618619
fastflow,pill,faulty_imprint/014.png,faulty_imprint,1,1,0.6436
fastflow,pill,faulty_imprint/015.png,faulty_imprint,1,1,0.604274
fastflow,pill,good/000.png,good,0,0,0.115147
fastflow,pill,good/001.png,good,0,0,0.008187
fastflow,pill,good/002.png,good,0,0,0.152213
fastflow,pill,good/004.png,good,0,0,0.324555
fastflow,pill,good/006.png,good,0,1,0.605525
fastflow,pill,good/007.png,good,0,0,0.11814
fastflow,pill,good/008.png,good,0,0,0.0
fastflow,pill,good/012.png,good,0,0,0.097992
fastflow,pill,good/013.png,good,0,0,0.0
fastflow,pill,good/015.png,good,0,0,0.013084
fastflow,pill,good/018.png,good,0,0,0.223506
fastflow,pill,good/022.png,good,0,0,0.081461
fastflow,pill,good/024.png,good,0,1,0.537624
fastflow,pill,pill_type/000.png,pill_type,1,1,0.847291
fastflow,pill,pill_type/001.png,pill_type,1,1,0.873509
fastflow,pill,pill_type/002.png,pill_type,1,1,0.898691
fastflow,pill,pill_type/003.png,pill_type,1,1,0.890348
fastflow,pill,pill_type/004.png,pill_type,1,1,0.880764
fastflow,pill,pill_type/006.png,pill_type,1,1,0.872315
fastflow,pill,scratch/001.png,scratch,1,0,0.435356
fastflow,pill,scratch/002.png,scratch,1,1,0.509285
fastflow,pill,scratch/004.png,scratch,1,0,0.452005
fastflow,pill,scratch/005.png,scratch,1,0,0.441186
fastflow,pill,scratch/006.png,scratch,1,1,0.720878
fastflow,pill,scratch/007.png,scratch,1,0,0.442816
fastflow,pill,scratch/008.png,scratch,1,0,0.237303
fastflow,pill,scratch/009.png,scratch,1,0,0.487509
fastflow,pill,scratch/010.png,scratch,1,1,0.730404
fastflow,pill,scratch/012.png,scratch,1,0,0.290753
fastflow,pill,scratch/013.png,scratch,1,1,0.513891
fastflow,pill,scratch/014.png,scratch,1,1,0.747822
fastflow,pill,scratch/015.png,scratch,1,1,0.567506
fastflow,pill,scratch/016.png,scratch,1,0,0.414062
fastflow,pill,scratch/017.png,scratch,1,0,0.305156
fastflow,pill,scratch/019.png,scratch,1,1,0.788488
fastflow,pill,scratch/020.png,scratch,1,1,0.782568
fastflow,pill,scratch/021.png,scratch,1,1,0.821495
fastflow,pill,scratch/022.png,scratch,1,0,0.435332
fastflow,pill,scratch/023.png,scratch,1,1,0.878617
fastflow,screw,good/000.png,good,0,1,0.654796
fastflow,screw,good/002.png,good,0,1,0.998809
fastflow,screw,good/007.png,good,0,1,0.539054
fastflow,screw,good/010.png,good,0,1,0.801405
fastflow,screw,good/011.png,good,0,1,0.821963
fastflow,screw,good/013.png,good,0,1,1.0
fastflow,screw,good/015.png,good,0,1,0.697335
fastflow,screw,good/016.png,good,0,1,0.697207
fastflow,screw,good/017.png,good,0,1,0.650154
fastflow,screw,good/021.png,good,0,1,0.542346
fastflow,screw,good/024.png,good,0,1,0.746505
fastflow,screw,good/027.png,good,0,1,0.862041
fastflow,screw,good/028.png,good,0,1,0.624513
fastflow,screw,good/029.png,good,0,1,0.70098
fastflow,screw,good/030.png,good,0,1,0.821477
fastflow,screw,good/031.png,good,0,1,0.744102
fastflow,screw,good/032.png,good,0,1,0.958929
fastflow,screw,good/034.png,good,0,0,0.491153
fastflow,screw,good/035.png,good,0,1,0.781463
fastflow,screw,good/037.png,good,0,1,0.703174
fastflow,screw,good/039.png,good,0,0,0.486244
fastflow,screw,manipulated_front/004.png,manipulated_front,1,1,0.7265
fastflow,screw,manipulated_front/009.png,manipulated_front,1,1,1.0
fastflow,screw,manipulated_front/010.png,manipulated_front,1,1,0.952955
fastflow,screw,manipulated_front/011.png,manipulated_front,1,1,0.8076
fastflow,screw,manipulated_front/012.png,manipulated_front,1,1,1.0
fastflow,screw,manipulated_front/013.png,manipulated_front,1,1,1.0
fastflow,screw,manipulated_front/015.png,manipulated_front,1,1,1.0
fastflow,screw,manipulated_front/016.png,manipulated_front,1,1,1.0
fastflow,screw,manipulated_front/020.png,manipulated_front,1,1,0.748356
fastflow,screw,manipulated_front/022.png,manipulated_front,1,1,0.842948
fastflow,screw,scratch_head/001.png,scratch_head,1,1,1.0
fastflow,screw,scratch_head/007.png,scratch_head,1,1,0.921486
fastflow,screw,scratch_head/009.png,scratch_head,1,1,0.889035
fastflow,screw,scratch_head/012.png,scratch_head,1,1,0.774289
fastflow,screw,scratch_head/014.png,scratch_head,1,1,0.725497
fastflow,screw,scratch_head/015.png,scratch_head,1,1,0.915975
fastflow,screw,scratch_head/016.png,scratch_head,1,1,0.939662
fastflow,screw,scratch_head/018.png,scratch_head,1,1,0.898384
fastflow,screw,scratch_head/020.png,scratch_head,1,1,0.672094
fastflow,screw,scratch_head/022.png,scratch_head,1,1,1.0
fastflow,screw,scratch_head/023.png,scratch_head,1,1,0.956483
fastflow,screw,scratch_neck/000.png,scratch_neck,1,1,1.0
fastflow,screw,scratch_neck/001.png,scratch_neck,1,1,1.0
fastflow,screw,scratch_neck/002.png,scratch_neck,1,1,0.762451
fastflow,screw,scratch_neck/005.png,scratch_neck,1,1,0.701502
fastflow,screw,scratch_neck/009.png,scratch_neck,1,1,1.0
fastflow,screw,scratch_neck/010.png,scratch_neck,1,1,0.837188
fastflow,screw,scratch_neck/011.png,scratch_neck,1,1,1.0
fastflow,screw,scratch_neck/012.png,scratch_neck,1,1,0.991826
fastflow,screw,scratch_neck/015.png,scratch_neck,1,1,0.83867
fastflow,screw,scratch_neck/016.png,scratch_neck,1,1,0.840841
fastflow,screw,scratch_neck/019.png,scratch_neck,1,1,0.882305
fastflow,screw,scratch_neck/020.png,scratch_neck,1,1,1.0
fastflow,screw,scratch_neck/021.png,scratch_neck,1,1,0.553965
fastflow,screw,scratch_neck/024.png,scratch_neck,1,1,1.0
fastflow,screw,thread_side/000.png,thread_side,1,1,0.969007
fastflow,screw,thread_side/002.png,thread_side,1,1,0.639682
fastflow,screw,thread_side/003.png,thread_side,1,1,0.772178
fastflow,screw,thread_side/005.png,thread_side,1,1,1.0
fastflow,screw,thread_side/011.png,thread_side,1,1,0.939459
fastflow,screw,thread_side/013.png,thread_side,1,1,0.540766
fastflow,screw,thread_side/014.png,thread_side,1,1,0.666885
fastflow,screw,thread_side/015.png,thread_side,1,1,1.0
fastflow,screw,thread_side/016.png,thread_side,1,1,0.85091
fastflow,screw,thread_side/017.png,thread_side,1,1,0.702334
fastflow,screw,thread_side/020.png,thread_side,1,1,0.710931
fastflow,screw,thread_side/021.png,thread_side,1,1,0.661066
fastflow,screw,thread_top/000.png,thread_top,1,1,0.816768
fastflow,screw,thread_top/001.png,thread_top,1,1,0.898348
fastflow,screw,thread_top/003.png,thread_top,1,1,0.629288
fastflow,screw,thread_top/005.png,thread_top,1,1,0.856695
fastflow,screw,thread_top/006.png,thread_top,1,1,1.0
fastflow,screw,thread_top/007.png,thread_top,1,1,0.881255
fastflow,screw,thread_top/008.png,thread_top,1,1,0.6714
fastflow,screw,thread_top/009.png,thread_top,1,1,1.0
fastflow,screw,thread_top/010.png,thread_top,1,1,0.813261
fastflow,screw,thread_top/011.png,thread_top,1,1,1.0
fastflow,screw,thread_top/013.png,thread_top,1,1,0.793073
fastflow,screw,thread_top/015.png,thread_top,1,1,0.7271
fastflow,screw,thread_top/019.png,thread_top,1,1,0.804798
fastflow,tile,crack/001.png,crack,1,1,1.0
fastflow,tile,crack/002.png,crack,1,1,1.0
fastflow,tile,crack/008.png,crack,1,1,1.0
fastflow,tile,crack/009.png,crack,1,1,1.0
fastflow,tile,crack/013.png,crack,1,1,1.0
fastflow,tile,crack/015.png,crack,1,1,1.0
fastflow,tile,glue_strip/008.png,glue_strip,1,1,1.0
fastflow,tile,glue_strip/009.png,glue_strip,1,1,1.0
fastflow,tile,glue_strip/011.png,glue_strip,1,1,0.743444
fastflow,tile,glue_strip/013.png,glue_strip,1,1,0.84204
fastflow,tile,glue_strip/015.png,glue_strip,1,1,1.0
fastflow,tile,glue_strip/016.png,glue_strip,1,1,0.918042
fastflow,tile,good/001.png,good,0,0,0.072664
fastflow,tile,good/003.png,good,0,0,0.350989
fastflow,tile,good/005.png,good,0,0,0.160627
fastflow,tile,good/006.png,good,0,0,0.21622
fastflow,tile,good/007.png,good,0,0,0.340559
fastflow,tile,good/008.png,good,0,0,0.153879
fastflow,tile,good/010.png,good,0,0,0.197936
fastflow,tile,good/013.png,good,0,0,0.438424
fastflow,tile,good/017.png,good,0,0,0.328144
fastflow,tile,good/019.png,good,0,0,0.457564
fastflow,tile,good/020.png,good,0,0,0.266388
fastflow,tile,good/021.png,good,0,0,0.28065
fastflow,tile,good/026.png,good,0,0,0.21767
fastflow,tile,good/027.png,good,0,0,0.338054
fastflow,tile,good/030.png,good,0,0,0.388753
fastflow,tile,good/031.png,good,0,0,0.176876
fastflow,tile,good/032.png,good,0,0,0.434312
fastflow,tile,gray_stroke/001.png,gray_stroke,1,1,0.968395
fastflow,tile,gray_stroke/003.png,gray_stroke,1,1,0.527643
fastflow,tile,gray_stroke/005.png,gray_stroke,1,0,0.475884
fastflow,tile,gray_stroke/006.png,gray_stroke,1,1,0.666511
fastflow,tile,gray_stroke/007.png,gray_stroke,1,1,0.909757
fastflow,tile,gray_stroke/009.png,gray_stroke,1,1,0.513619
fastflow,tile,gray_stroke/010.png,gray_stroke,1,1,0.500645
fastflow,tile,gray_stroke/012.png,gray_stroke,1,1,0.597378
fastflow,tile,gray_stroke/014.png,gray_stroke,1,1,0.760088
fastflow,tile,gray_stroke/015.png,gray_stroke,1,1,0.875253
fastflow,tile,oil/000.png,oil,1,1,1.0
fastflow,tile,oil/003.png,oil,1,1,1.0
fastflow,tile,oil/005.png,oil,1,1,0.938339
fastflow,tile,oil/006.png,oil,1,1,0.978401
fastflow,tile,oil/010.png,oil,1,1,1.0
fastflow,tile,oil/011.png,oil,1,1,1.0
fastflow,tile,oil/012.png,oil,1,1,1.0
fastflow,tile,oil/013.png,oil,1,1,1.0
fastflow,tile,oil/015.png,oil,1,1,0.962801
fastflow,tile,oil/016.png,oil,1,1,1.0
fastflow,tile,oil/017.png,oil,1,1,0.921505
fastflow,tile,rough/000.png,rough,1,0,0.397233
fastflow,tile,rough/001.png,rough,1,1,1.0
fastflow,tile,rough/002.png,rough,1,0,0.186503
fastflow,tile,rough/004.png,rough,1,1,1.0
fastflow,tile,rough/006.png,rough,1,1,0.672732
fastflow,tile,rough/008.png,rough,1,1,1.0
fastflow,tile,rough/009.png,rough,1,1,1.0
fastflow,tile,rough/010.png,rough,1,1,1.0
fastflow,tile,rough/014.png,rough,1,1,1.0
fastflow,toothbrush,defective/000.png,defective,1,1,0.843868
fastflow,toothbrush,defective/006.png,defective,1,0,0.480375
fastflow,toothbrush,defective/007.png,defective,1,1,0.782576
fastflow,toothbrush,defective/008.png,defective,1,1,0.848127
fastflow,toothbrush,defective/010.png,defective,1,1,0.848127
fastflow,toothbrush,defective/012.png,defective,1,1,0.848064
fastflow,toothbrush,defective/015.png,defective,1,1,0.819166
fastflow,toothbrush,defective/016.png,defective,1,1,0.848127
fastflow,toothbrush,defective/018.png,defective,1,0,0.437232
fastflow,toothbrush,defective/020.png,defective,1,1,0.84546
fastflow,toothbrush,defective/021.png,defective,1,1,0.719693
fastflow,toothbrush,defective/023.png,defective,1,1,0.848127
fastflow,toothbrush,defective/025.png,defective,1,1,0.848127
fastflow,toothbrush,defective/026.png,defective,1,1,0.848108
fastflow,toothbrush,defective/028.png,defective,1,0,0.463065
fastflow,toothbrush,good/000.png,good,0,0,0.0
fastflow,toothbrush,good/001.png,good,0,0,0.03086
fastflow,toothbrush,good/002.png,good,0,0,0.0
fastflow,toothbrush,good/006.png,good,0,1,0.846314
fastflow,toothbrush,good/007.png,good,0,1,0.846635
fastflow,toothbrush,good/008.png,good,0,0,0.0
fastflow,transistor,bent_lead/000.png,bent_lead,1,1,0.764026
fastflow,transistor,bent_lead/002.png,bent_lead,1,1,0.732115
fastflow,transistor,bent_lead/003.png,bent_lead,1,1,0.653089
fastflow,transistor,bent_lead/004.png,bent_lead,1,1,0.667121
fastflow,transistor,bent_lead/007.png,bent_lead,1,1,0.868201
fastflow,transistor,bent_lead/008.png,bent_lead,1,1,0.723749
fastflow,transistor,bent_lead/009.png,bent_lead,1,1,0.671913
fastflow,transistor,cut_lead/003.png,cut_lead,1,1,0.693469
fastflow,transistor,cut_lead/004.png,cut_lead,1,1,0.511788
fastflow,transistor,cut_lead/005.png,cut_lead,1,1,0.59022
fastflow,transistor,cut_lead/007.png,cut_lead,1,1,0.564358
fastflow,transistor,cut_lead/008.png,cut_lead,1,1,0.605177
fastflow,transistor,damaged_case/002.png,damaged_case,1,0,0.390093
fastflow,transistor,damaged_case/003.png,damaged_case,1,0,0.341139
fastflow,transistor,damaged_case/007.png,damaged_case,1,1,0.774021
fastflow,transistor,damaged_case/009.png,damaged_case,1,1,0.785848
fastflow,transistor,good/001.png,good,0,0,0.232944
fastflow,transistor,good/010.png,good,0,0,0.272274
fastflow,transistor,good/015.png,good,0,0,0.327398
fastflow,transistor,good/016.png,good,0,0,0.202356
fastflow,transistor,good/022.png,good,0,0,0.227646
fastflow,transistor,good/024.png,good,0,0,0.03592
fastflow,transistor,good/026.png,good,0,0,0.049733
fastflow,transistor,good/027.png,good,0,0,0.0
fastflow,transistor,good/028.png,good,0,0,0.496424
fastflow,transistor,good/030.png,good,0,0,0.0
fastflow,transistor,good/031.png,good,0,0,0.456124
fastflow,transistor,good/032.png,good,0,0,0.474211
fastflow,transistor,good/033.png,good,0,0,0.0
fastflow,transistor,good/035.png,good,0,0,0.0
fastflow,transistor,good/037.png,good,0,0,0.333561
fastflow,transistor,good/038.png,good,0,0,0.0
fastflow,transistor,good/040.png,good,0,0,0.107684
fastflow,transistor,good/041.png,good,0,0,0.260453
fastflow,transistor,good/042.png,good,0,0,0.163745
fastflow,transistor,good/047.png,good,0,0,0.039213
fastflow,transistor,good/048.png,good,0,0,0.127705
fastflow,transistor,good/049.png,good,0,0,0.018021
fastflow,transistor,good/050.png,good,0,0,0.0
fastflow,transistor,good/051.png,good,0,0,0.0
fastflow,transistor,good/052.png,good,0,0,0.401119
fastflow,transistor,good/053.png,good,0,0,0.12751
fastflow,transistor,good/055.png,good,0,0,0.246043
fastflow,transistor,good/057.png,good,0,0,0.22724
fastflow,transistor,good/058.png,good,0,0,0.068641
fastflow,transistor,good/059.png,good,0,0,0.174212
fastflow,transistor,misplaced/002.png,misplaced,1,1,0.870123
fastflow,transistor,misplaced/005.png,misplaced,1,1,0.870642
fastflow,transistor,misplaced/007.png,misplaced,1,1,0.871763
fastflow,transistor,misplaced/008.png,misplaced,1,1,0.871759
fastflow,wood,color/001.png,color,1,1,0.727099
fastflow,wood,combined/002.png,combined,1,1,0.725347
fastflow,wood,combined/007.png,combined,1,1,0.727099
fastflow,wood,combined/008.png,combined,1,1,0.727079
fastflow,wood,good/000.png,good,0,0,0.049573
fastflow,wood,good/001.png,good,0,0,0.0
fastflow,wood,good/006.png,good,0,0,0.0
fastflow,wood,good/008.png,good,0,0,0.255593
fastflow,wood,good/010.png,good,0,0,0.184858
fastflow,wood,good/012.png,good,0,0,0.0
fastflow,wood,good/013.png,good,0,0,0.0
fastflow,wood,good/015.png,good,0,0,0.202864
fastflow,wood,good/016.png,good,0,0,0.4039
fastflow,wood,good/017.png,good,0,0,0.448
fastflow,wood,hole/003.png,hole,1,1,0.727096
fastflow,wood,hole/005.png,hole,1,1,0.521647
fastflow,wood,hole/007.png,hole,1,1,0.727099
fastflow,wood,hole/008.png,hole,1,1,0.727092
fastflow,wood,hole/009.png,hole,1,1,0.727099
fastflow,wood,liquid/001.png,liquid,1,1,0.716975
fastflow,wood,liquid/002.png,liquid,1,1,0.642437
fastflow,wood,liquid/003.png,liquid,1,1,0.62324
fastflow,wood,liquid/004.png,liquid,1,1,0.580499
fastflow,wood,liquid/006.png,liquid,1,1,0.550783
fastflow,wood,liquid/008.png,liquid,1,1,0.720401
fastflow,wood,liquid/009.png,liquid,1,1,0.691471
fastflow,wood,scratch/001.png,scratch,1,0,0.242737
fastflow,wood,scratch/002.png,scratch,1,1,0.7085
fastflow,wood,scratch/003.png,scratch,1,1,0.688179
fastflow,wood,scratch/008.png,scratch,1,1,0.705211
fastflow,wood,scratch/009.png,scratch,1,1,0.672818
fastflow,wood,scratch/010.png,scratch,1,1,0.690796
fastflow,wood,scratch/011.png,scratch,1,1,0.686969
fastflow,wood,scratch/012.png,scratch,1,1,0.567876
fastflow,wood,scratch/013.png,scratch,1,1,0.703326
fastflow,wood,scratch/014.png,scratch,1,1,0.583427
fastflow,wood,scratch/016.png,scratch,1,1,0.649093
fastflow,wood,scratch/018.png,scratch,1,1,0.719566
fastflow,wood,scratch/019.png,scratch,1,1,0.679249
fastflow,wood,scratch/020.png,scratch,1,1,0.606581
fastflow,zipper,broken_teeth/004.png,broken_teeth,1,1,0.651396
fastflow,zipper,broken_teeth/009.png,broken_teeth,1,0,0.470222
fastflow,zipper,broken_teeth/010.png,broken_teeth,1,1,0.681868
fastflow,zipper,broken_teeth/011.png,broken_teeth,1,1,0.719547
fastflow,zipper,broken_teeth/012.png,broken_teeth,1,1,0.643545
fastflow,zipper,broken_teeth/013.png,broken_teeth,1,1,0.718392
fastflow,zipper,broken_teeth/015.png,broken_teeth,1,1,0.575841
fastflow,zipper,broken_teeth/016.png,broken_teeth,1,1,0.557179
fastflow,zipper,combined/001.png,combined,1,1,0.684882
fastflow,zipper,combined/003.png,combined,1,1,0.721762
fastflow,zipper,combined/006.png,combined,1,1,0.721762
fastflow,zipper,combined/012.png,combined,1,1,0.70584
fastflow,zipper,combined/014.png,combined,1,1,0.700806
fastflow,zipper,fabric_border/001.png,fabric_border,1,1,0.721762
fastflow,zipper,fabric_border/003.png,fabric_border,1,1,0.721762
fastflow,zipper,fabric_border/004.png,fabric_border,1,1,0.721762
fastflow,zipper,fabric_border/005.png,fabric_border,1,1,0.721762
fastflow,zipper,fabric_border/007.png,fabric_border,1,1,0.721762
fastflow,zipper,fabric_border/009.png,fabric_border,1,1,0.721762
fastflow,zipper,fabric_border/011.png,fabric_border,1,1,0.721762
fastflow,zipper,fabric_border/012.png,fabric_border,1,1,0.721762
fastflow,zipper,fabric_border/013.png,fabric_border,1,1,0.721762
fastflow,zipper,fabric_border/014.png,fabric_border,1,1,0.721464
fastflow,zipper,fabric_border/015.png,fabric_border,1,1,0.721762
fastflow,zipper,fabric_interior/001.png,fabric_interior,1,0,0.439951
fastflow,zipper,fabric_interior/005.png,fabric_interior,1,1,0.71427
fastflow,zipper,fabric_interior/006.png,fabric_interior,1,1,0.639944
fastflow,zipper,fabric_interior/007.png,fabric_interior,1,0,0.149148
fastflow,zipper,fabric_interior/008.png,fabric_interior,1,1,0.664499
fastflow,zipper,fabric_interior/011.png,fabric_interior,1,1,0.642478
fastflow,zipper,fabric_interior/012.png,fabric_interior,1,0,0.406898
fastflow,zipper,fabric_interior/015.png,fabric_interior,1,1,0.56182
fastflow,zipper,good/002.png,good,0,0,0.049055
fastflow,zipper,good/004.png,good,0,0,0.227136
fastflow,zipper,good/006.png,good,0,0,0.165092
fastflow,zipper,good/007.png,good,0,0,0.481235
fastflow,zipper,good/008.png,good,0,0,0.0
fastflow,zipper,good/010.png,good,0,0,0.0
fastflow,zipper,good/013.png,good,0,0,0.0
fastflow,zipper,good/016.png,good,0,0,0.265891
fastflow,zipper,good/018.png,good,0,0,0.0
fastflow,zipper,good/021.png,good,0,1,0.541598
fastflow,zipper,good/022.png,good,0,1,0.571406
fastflow,zipper,good/023.png,good,0,0,0.156354
fastflow,zipper,good/024.png,good,0,0,0.100135
fastflow,zipper,good/028.png,good,0,0,0.0
fastflow,zipper,good/030.png,good,0,0,0.0
fastflow,zipper,good/031.png,good,0,0,0.0
fastflow,zipper,rough/000.png,rough,1,1,0.721336
fastflow,zipper,rough/001.png,rough,1,1,0.720998
fastflow,zipper,rough/004.png,rough,1,1,0.710543
fastflow,zipper,rough/005.png,rough,1,1,0.648563
fastflow,zipper,rough/007.png,rough,1,1,0.72171
fastflow,zipper,rough/008.png,rough,1,1,0.645538
fastflow,zipper,rough/010.png,rough,1,1,0.721753
fastflow,zipper,rough/016.png,rough,1,1,0.719336
fastflow,zipper,split_teeth/001.png,split_teeth,1,1,0.657641
fastflow,zipper,split_teeth/002.png,split_teeth,1,1,0.699695
fastflow,zipper,split_teeth/003.png,split_teeth,1,1,0.719355
fastflow,zipper,split_teeth/004.png,split_teeth,1,1,0.721665
fastflow,zipper,split_teeth/005.png,split_teeth,1,1,0.688345
fastflow,zipper,split_teeth/008.png,split_teeth,1,1,0.62375
fastflow,zipper,split_teeth/009.png,split_teeth,1,1,0.656608
fastflow,zipper,split_teeth/011.png,split_teeth,1,1,0.634777
fastflow,zipper,split_teeth/012.png,split_teeth,1,1,0.708068
fastflow,zipper,split_teeth/014.png,split_teeth,1,1,0.709159
fastflow,zipper,split_teeth/016.png,split_teeth,1,1,0.70097
fastflow,zipper,split_teeth/017.png,split_teeth,1,1,0.657357
fastflow,zipper,squeezed_teeth/000.png,squeezed_teeth,1,0,0.494043
fastflow,zipper,squeezed_teeth/001.png,squeezed_teeth,1,1,0.698739
fastflow,zipper,squeezed_teeth/002.png,squeezed_teeth,1,1,0.720059
fastflow,zipper,squeezed_teeth/003.png,squeezed_teeth,1,1,0.720416
fastflow,zipper,squeezed_teeth/004.png,squeezed_teeth,1,1,0.706676
fastflow,zipper,squeezed_teeth/006.png,squeezed_teeth,1,1,0.636574
fastflow,zipper,squeezed_teeth/008.png,squeezed_teeth,1,0,0.183556
fastflow,zipper,squeezed_teeth/012.png,squeezed_teeth,1,1,0.632161
patchcore,bottle,broken_large/002.png,broken_large,1,1,0.961146
patchcore,bottle,broken_large/005.png,broken_large,1,1,0.847427
patchcore,bottle,broken_large/006.png,broken_large,1,1,1.0
patchcore,bottle,broken_large/007.png,broken_large,1,1,0.912803
patchcore,bottle,broken_large/008.png,broken_large,1,1,1.0
patchcore,bottle,broken_large/009.png,broken_large,1,1,0.902158
patchcore,bottle,broken_large/011.png,broken_large,1,1,0.806706
patchcore,bottle,broken_large/012.png,broken_large,1,1,1.0
patchcore,bottle,broken_large/013.png,broken_large,1,1,0.944287
patchcore,bottle,broken_large/015.png,broken_large,1,1,0.999897
patchcore,bottle,broken_large/016.png,broken_large,1,1,0.926413
patchcore,bottle,broken_large/017.png,broken_large,1,1,0.987639
patchcore,bottle,broken_large/018.png,broken_large,1,1,1.0
patchcore,bottle,broken_large/019.png,broken_large,1,1,0.956828
patchcore,bottle,broken_small/010.png,broken_small,1,1,1.0
patchcore,bottle,broken_small/011.png,broken_small,1,1,0.809469
patchcore,bottle,broken_small/013.png,broken_small,1,1,0.865269
patchcore,bottle,broken_small/015.png,broken_small,1,1,0.876534
patchcore,bottle,broken_small/016.png,broken_small,1,1,0.938842
patchcore,bottle,broken_small/017.png,broken_small,1,1,1.0
patchcore,bottle,broken_small/018.png,broken_small,1,1,1.0
patchcore,bottle,broken_small/020.png,broken_small,1,1,1.0
patchcore,bottle,broken_small/021.png,broken_small,1,1,0.928653
patchcore,bottle,contamination/002.png,contamination,1,1,0.784187
patchcore,bottle,contamination/007.png,contamination,1,1,1.0
patchcore,bottle,contamination/008.png,contamination,1,1,0.901507
patchcore,bottle,contamination/010.png,contamination,1,1,1.0
patchcore,bottle,contamination/012.png,contamination,1,1,0.630159
patchcore,bottle,contamination/015.png,contamination,1,1,0.948823
patchcore,bottle,contamination/017.png,contamination,1,1,1.0
patchcore,bottle,contamination/019.png,contamination,1,1,0.575545
patchcore,bottle,contamination/020.png,contamination,1,1,0.610563
patchcore,bottle,good/000.png,good,0,0,0.214676
patchcore,bottle,good/001.png,good,0,0,0.287826
patchcore,bottle,good/002.png,good,0,0,0.25698
patchcore,bottle,good/004.png,good,0,0,0.212774
patchcore,bottle,good/006.png,good,0,0,0.267207
patchcore,bottle,good/010.png,good,0,0,0.257044
patchcore,bottle,good/011.png,good,0,0,0.200017
patchcore,bottle,good/014.png,good,0,0,0.209951
patchcore,bottle,good/015.png,good,0,0,0.310114
patchcore,bottle,good/018.png,good,0,0,0.203004
patchcore,cable,bent_wire/001.png,bent_wire,1,1,1.0
patchcore,cable,bent_wire/002.png,bent_wire,1,1,1.0
patchcore,cable,bent_wire/003.png,bent_wire,1,1,1.0
patchcore,cable,bent_wire/004.png,bent_wire,1,1,1.0
patchcore,cable,bent_wire/005.png,bent_wire,1,1,1.0
patchcore,cable,bent_wire/006.png,bent_wire,1,1,1.0
patchcore,cable,bent_wire/008.png,bent_wire,1,1,0.727623
patchcore,cable,bent_wire/011.png,bent_wire,1,1,1.0
patchcore,cable,cable_swap/001.png,cable_swap,1,1,0.570536
patchcore,cable,cable_swap/004.png,cable_swap,1,1,0.508033
patchcore,cable,cable_swap/005.png,cable_swap,1,0,0.494093
patchcore,cable,cable_swap/009.png,cable_swap,1,0,0.478302
patchcore,cable,cable_swap/010.png,cable_swap,1,0,0.495531
patchcore,cable,cable_swap/011.png,cable_swap,1,1,0.502941
patchcore,cable,combined/000.png,combined,1,1,1.0
patchcore,cable,combined/002.png,combined,1,1,0.975679
patchcore,cable,combined/003.png,combined,1,1,0.960118
patchcore,cable,combined/004.png,combined,1,1,0.817973
patchcore,cable,combined/005.png,combined,1,1,1.0
patchcore,cable,combined/006.png,combined,1,1,1.0
patchcore,cable,combined/008.png,combined,1,1,1.0
patchcore,cable,cut_inner_insulation/001.png,cut_inner_insulation,1,1,0.804069
patchcore,cable,cut_inner_insulation/003.png,cut_inner_insulation,1,1,0.769881
patchcore,cable,cut_inner_insulation/006.png,cut_inner_insulation,1,1,0.624293
patchcore,cable,cut_inner_insulation/011.png,cut_inner_insulation,1,1,0.875704
patchcore,cable,cut_inner_insulation/013.png,cut_inner_insulation,1,1,0.831159
patchcore,cable,cut_outer_insulation/003.png,cut_outer_insulation,1,1,0.601189
patchcore,cable,cut_outer_insulation/004.png,cut_outer_insulation,1,1,0.609285
patchcore,cable,cut_outer_insulation/006.png,cut_outer_insulation,1,1,0.85049
patchcore,cable,cut_outer_insulation/009.png,cut_outer_insulation,1,1,0.740705
patchcore,cable,good/000.png,good,0,0,0.308324
patchcore,cable,good/001.png,good,0,0,0.421122
patchcore,cable,good/002.png,good,0,0,0.424718
patchcore,cable,good/005.png,good,0,0,0.330462
patchcore,cable,good/006.png,good,0,0,0.347366
patchcore,cable,good/008.png,good,0,0,0.384448
patchcore,cable,good/011.png,good,0,0,0.385168
patchcore,cable,good/012.png,good,0,0,0.398659
patchcore,cable,good/015.png,good,0,0,0.341394
patchcore,cable,good/016.png,good,0,0,0.372448
patchcore,cable,good/017.png,good,0,0,0.341843
patchcore,cable,good/018.png,good,0,0,0.45662
patchcore,cable,good/022.png,good,0,0,0.40473
patchcore,cable,good/023.png,good,0,0,0.325251
patchcore,cable,good/025.png,good,0,0,0.296492
patchcore,cable,good/029.png,good,0,0,0.354009
patchcore,cable,good/030.png,good,0,0,0.456353
patchcore,cable,good/031.png,good,0,0,0.385453
patchcore,cable,good/033.png,good,0,0,0.381352
patchcore,cable,good/035.png,good,0,0,0.310656
patchcore,cable,good/038.png,good,0,0,0.381725
patchcore,cable,good/040.png,good,0,0,0.342191
patchcore,cable,good/044.png,good,0,0,0.376536
patchcore,cable,good/047.png,good,0,0,0.386201
patchcore,cable,good/049.png,good,0,0,0.366011
patchcore,cable,good/051.png,good,0,0,0.39036
patchcore,cable,good/054.png,good,0,0,0.347069
patchcore,cable,good/055.png,good,0,0,0.417702
patchcore,cable,good/057.png,good,0,1,0.670987
patchcore,cable,missing_cable/002.png,missing_cable,1,1,1.0
patchcore,cable,missing_cable/003.png,missing_cable,1,1,1.0
patchcore,cable,missing_cable/004.png,missing_cable,1,1,1.0
patchcore,cable,missing_cable/006.png,missing_cable,1,1,1.0
patchcore,cable,missing_cable/009.png,missing_cable,1,1,1.0
patchcore,cable,missing_cable/011.png,missing_cable,1,1,1.0
patchcore,cable,missing_wire/002.png,missing_wire,1,1,0.721886
patchcore,cable,missing_wire/006.png,missing_wire,1,1,0.790442
patchcore,cable,missing_wire/007.png,missing_wire,1,1,0.708687
patchcore,cable,missing_wire/009.png,missing_wire,1,1,0.958395
patchcore,cable,poke_insulation/001.png,poke_insulation,1,1,0.689236
patchcore,cable,poke_insulation/003.png,poke_insulation,1,1,0.512856
patchcore,cable,poke_insulation/004.png,poke_insulation,1,0,0.480222
patchcore,cable,poke_insulation/005.png,poke_insulation,1,1,0.683171
patchcore,cable,poke_insulation/007.png,poke_insulation,1,1,0.566299
patchcore,cable,poke_insulation/009.png,poke_insulation,1,1,0.577222
patchcore,capsule,crack/002.png,crack,1,1,0.731245
patchcore,capsule,crack/006.png,crack,1,1,0.77692
patchcore,capsule,crack/007.png,crack,1,1,0.795233
patchcore,capsule,crack/008.png,crack,1,1,0.589764
patchcore,capsule,crack/009.png,crack,1,1,0.62005
patchcore,capsule,crack/012.png,crack,1,1,0.835707
patchcore,capsule,crack/013.png,crack,1,1,0.777349
patchcore,capsule,crack/017.png,crack,1,1,1.0
patchcore,capsule,crack/020.png,crack,1,1,0.679696
patchcore,capsule,crack/022.png,crack,1,1,0.657983
patchcore,capsule,faulty_imprint/001.png,faulty_imprint,1,1,0.607221
patchcore,capsule,faulty_imprint/009.png,faulty_imprint,1,1,0.616914
patchcore,capsule,faulty_imprint/011.png,faulty_imprint,1,1,0.507625
patchcore,capsule,faulty_imprint/012.png,faulty_imprint,1,1,0.648083
patchcore,capsule,faulty_imprint/016.png,faulty_imprint,1,1,0.636048
patchcore,capsule,faulty_imprint/018.png,faulty_imprint,1,0,0.489591
patchcore,capsule,faulty_imprint/019.png,faulty_imprint,1,0,0.456611
patchcore,capsule,faulty_imprint/020.png,faulty_imprint,1,1,0.709997
patchcore,capsule,good/000.png,good,0,0,0.456629
patchcore,capsule,good/001.png,good,0,0,0.370734
patchcore,capsule,good/002.png,good,0,0,0.403577
patchcore,capsule,good/005.png,good,0,0,0.36223
patchcore,capsule,good/006.png,good,0,1,0.505354
patchcore,capsule,good/008.png,good,0,0,0.377563
patchcore,capsule,good/011.png,good,0,0,0.421326
patchcore,capsule,good/014.png,good,0,0,0.430424
patchcore,capsule,good/016.png,good,0,0,0.365248
patchcore,capsule,good/017.png,good,0,0,0.393453
patchcore,capsule,good/018.png,good,0,0,0.471446
patchcore,capsule,good/021.png,good,0,0,0.428305
patchcore,capsule,poke/002.png,poke,1,1,0.600084
patchcore,capsule,poke/003.png,poke,1,1,0.548843
patchcore,capsule,poke/004.png,poke,1,1,0.717759
patchcore,capsule,poke/005.png,poke,1,1,0.656633
patchcore,capsule,poke/006.png,poke,1,1,0.532395
patchcore,capsule,poke/007.png,poke,1,1,0.558253
patchcore,capsule,poke/008.png,poke,1,1,0.908108
patchcore,capsule,poke/010.png,poke,1,1,0.527708
patchcore,capsule,poke/011.png,poke,1,1,0.721405
patchcore,capsule,poke/015.png,poke,1,1,0.615564
patchcore,capsule,poke/017.png,poke,1,1,0.608854
patchcore,capsule,poke/018.png,poke,1,1,0.611381
patchcore,capsule,poke/019.png,poke,1,1,0.621739
patchcore,capsule,poke/020.png,poke,1,1,0.629315
patchcore,capsule,scratch/000.png,scratch,1,1,0.580324
patchcore,capsule,scratch/002.png,scratch,1,1,0.550126
patchcore,capsule,scratch/003.png,scratch,1,1,0.574939
patchcore,capsule,scratch/005.png,scratch,1,0,0.471337
patchcore,capsule,scratch/006.png,scratch,1,1,0.546612
patchcore,capsule,scratch/007.png,scratch,1,1,0.626401
patchcore,capsule,scratch/008.png,scratch,1,1,0.806787
patchcore,capsule,scratch/011.png,scratch,1,1,0.727992
patchcore,capsule,scratch/016.png,scratch,1,1,0.700637
patchcore,capsule,scratch/019.png,scratch,1,1,0.769746
patchcore,capsule,scratch/020.png,scratch,1,1,0.647035
patchcore,capsule,scratch/021.png,scratch,1,1,0.561358
patchcore,capsule,scratch/022.png,scratch,1,1,0.658887
patchcore,capsule,squeeze/000.png,squeeze,1,1,1.0
patchcore,capsule,squeeze/003.png,squeeze,1,1,0.882959
patchcore,capsule,squeeze/004.png,squeeze,1,1,0.760689
patchcore,capsule,squeeze/006.png,squeeze,1,1,1.0
patchcore,capsule,squeeze/009.png,squeeze,1,1,0.945732
patchcore,capsule,squeeze/011.png,squeeze,1,1,1.0
patchcore,capsule,squeeze/013.png,squeeze,1,1,0.967774
patchcore,capsule,squeeze/014.png,squeeze,1,1,0.98102
patchcore,capsule,squeeze/015.png,squeeze,1,1,1.0
patchcore,capsule,squeeze/017.png,squeeze,1,1,0.822086
patchcore,carpet,color/002.png,color,1,1,0.806222
patchcore,carpet,color/004.png,color,1,1,1.0
patchcore,carpet,color/006.png,color,1,1,0.736069
patchcore,carpet,color/009.png,color,1,1,0.910893
patchcore,carpet,color/011.png,color,1,1,0.785469
patchcore,carpet,color/013.png,color,1,1,0.877493
patchcore,carpet,color/015.png,color,1,1,0.927979
patchcore,carpet,color/016.png,color,1,1,0.672883
patchcore,carpet,color/017.png,color,1,1,0.706932
patchcore,carpet,color/018.png,color,1,1,0.792338
patchcore,carpet,cut/001.png,cut,1,1,1.0
patchcore,carpet,cut/002.png,cut,1,1,1.0
patchcore,carpet,cut/008.png,cut,1,1,0.780753
patchcore,carpet,cut/013.png,cut,1,1,1.0
patchcore,carpet,cut/016.png,cut,1,1,0.858453
patchcore,carpet,good/000.png,good,0,0,0.315876
patchcore,carpet,good/004.png,good,0,0,0.367833
patchcore,carpet,good/007.png,good,0,0,0.364264
patchcore,carpet,good/008.png,good,0,0,0.397139
patchcore,carpet,good/009.png,good,0,0,0.491399
patchcore,carpet,good/010.png,good,0,0,0.327814
patchcore,carpet,good/012.png,good,0,0,0.453363
patchcore,carpet,good/014.png,good,0,0,0.476083
patchcore,carpet,good/016.png,good,0,0,0.362421
patchcore,carpet,good/017.png,good,0,0,0.358062
patchcore,carpet,good/018.png,good,0,0,0.289671
patchcore,carpet,good/020.png,good,0,0,0.351718
patchcore,carpet,good/022.png,good,0,0,0.311915
patchcore,carpet,good/024.png,good,0,0,0.314559
patchcore,carpet,hole/000.png,hole,1,1,0.838004
patchcore,carpet,hole/002.png,hole,1,1,0.709323
patchcore,carpet,hole/003.png,hole,1,1,1.0
patchcore,carpet,hole/004.png,hole,1,1,1.0
patchcore,carpet,hole/006.png,hole,1,1,1.0
patchcore,carpet,hole/009.png,hole,1,1,1.0
patchcore,carpet,hole/011.png,hole,1,1,1.0
patchcore,carpet,hole/012.png,hole,1,1,0.949704
patchcore,carpet,hole/013.png,hole,1,1,1.0
patchcore,carpet,hole/015.png,hole,1,1,0.989246
patchcore,carpet,hole/016.png,hole,1,1,0.954807
patchcore,carpet,metal_contamination/001.png,metal_contamination,1,1,0.501313
patchcore,carpet,metal_contamination/002.png,metal_contamination,1,1,0.781131
patchcore,carpet,metal_contamination/003.png,metal_contamination,1,1,0.848873
patchcore,carpet,metal_contamination/004.png,metal_contamination,1,1,1.0
patchcore,carpet,metal_contamination/008.png,metal_contamination,1,1,1.0
patchcore,carpet,metal_contamination/011.png,metal_contamination,1,1,0.801572
patchcore,carpet,metal_contamination/012.png,metal_contamination,1,1,0.800742
patchcore,carpet,metal_contamination/014.png,metal_contamination,1,1,0.752802
patchcore,carpet,metal_contamination/016.png,metal_contamination,1,1,0.870506
patchcore,carpet,thread/000.png,thread,1,1,1.0
patchcore,carpet,thread/001.png,thread,1,1,0.715836
patchcore,carpet,thread/003.png,thread,1,1,0.752467
patchcore,carpet,thread/005.png,thread,1,1,1.0
patchcore,carpet,thread/011.png,thread,1,1,1.0
patchcore,carpet,thread/012.png,thread,1,1,1.0
patchcore,carpet,thread/015.png,thread,1,1,0.52363
patchcore,carpet,thread/016.png,thread,1,1,0.871512
patchcore,carpet,thread/017.png,thread,1,1,1.0
patchcore,carpet,thread/018.png,thread,1,0,0.436708
patchcore,grid,bent/000.png,bent,1,1,0.579622
patchcore,grid,bent/002.png,bent,1,1,0.731542
patchcore,grid,bent/003.png,bent,1,1,1.0
patchcore,grid,bent/004.png,bent,1,1,0.702633
patchcore,grid,bent/007.png,bent,1,1,0.659325
patchcore,grid,bent/009.png,bent,1,1,0.863262
patchcore,grid,bent/011.png,bent,1,1,0.998658
patchcore,grid,broken/002.png,broken,1,1,0.751873
patchcore,grid,broken/003.png,broken,1,1,1.0
patchcore,grid,broken/004.png,broken,1,1,1.0
patchcore,grid,glue/001.png,glue,1,0,0.452806
patchcore,grid,glue/004.png,glue,1,1,0.66239
patchcore,grid,glue/005.png,glue,1,1,0.867499
patchcore,grid,glue/007.png,glue,1,1,0.591745
patchcore,grid,glue/008.png,glue,1,0,0.371814
patchcore,grid,glue/009.png,glue,1,1,0.858204
patchcore,grid,good/002.png,good,0,0,0.303258
patchcore,grid,good/004.png,good,0,0,0.38358
patchcore,grid,good/007.png,good,0,0,0.324556
patchcore,grid,good/008.png,good,0,0,0.332902
patchcore,grid,good/011.png,good,0,0,0.357217
patchcore,grid,good/012.png,good,0,0,0.33655
patchcore,grid,good/013.png,good,0,0,0.27115
patchcore,grid,good/014.png,good,0,0,0.324014
patchcore,grid,good/015.png,good,0,0,0.291224
patchcore,grid,good/016.png,good,0,0,0.375524
patchcore,grid,good/019.png,good,0,0,0.35266
patchcore,grid,metal_contamination/001.png,metal_contamination,1,1,1.0
patchcore,grid,metal_contamination/003.png,metal_contamination,1,1,0.906869
patchcore,grid,metal_contamination/004.png,metal_contamination,1,1,0.826838
patchcore,grid,metal_contamination/005.png,metal_contamination,1,1,0.926657
patchcore,grid,metal_contamination/007.png,metal_contamination,1,1,0.63217
patchcore,grid,metal_contamination/008.png,metal_contamination,1,1,0.895453
patchcore,grid,metal_contamination/009.png,metal_contamination,1,1,0.602776
patchcore,grid,metal_contamination/010.png,metal_contamination,1,1,0.806608
patchcore,grid,thread/001.png,thread,1,1,1.0
patchcore,grid,thread/004.png,thread,1,1,0.759448
patchcore,grid,thread/006.png,thread,1,1,0.705682
patchcore,grid,thread/008.png,thread,1,1,0.716667
patchcore,grid,thread/009.png,thread,1,1,0.711659
patchcore,hazelnut,crack/000.png,crack,1,1,0.842334
patchcore,hazelnut,crack/002.png,crack,1,1,0.63458
patchcore,hazelnut,crack/007.png,crack,1,1,0.757131
patchcore,hazelnut,crack/012.png,crack,1,1,0.633108
patchcore,hazelnut,crack/015.png,crack,1,1,0.748784
patchcore,hazelnut,crack/016.png,crack,1,1,0.518741
patchcore,hazelnut,crack/017.png,crack,1,1,0.6905
patchcore,hazelnut,cut/000.png,cut,1,1,0.763318
patchcore,hazelnut,cut/001.png,cut,1,1,0.529538
patchcore,hazelnut,cut/002.png,cut,1,1,0.678013
patchcore,hazelnut,cut/004.png,cut,1,1,0.979181
patchcore,hazelnut,cut/005.png,cut,1,1,0.881027
patchcore,hazelnut,cut/009.png,cut,1,1,0.786882
patchcore,hazelnut,cut/010.png,cut,1,1,0.743761
patchcore,hazelnut,cut/011.png,cut,1,1,0.84616
patchcore,hazelnut,cut/012.png,cut,1,1,0.658021
patchcore,hazelnut,cut/015.png,cut,1,1,0.794298
patchcore,hazelnut,good/000.png,good,0,0,0.228483
patchcore,hazelnut,good/002.png,good,0,0,0.179428
patchcore,hazelnut,good/003.png,good,0,0,0.121623
patchcore,hazelnut,good/004.png,good,0,0,0.164238
patchcore,hazelnut,good/007.png,good,0,0,0.222826
patchcore,hazelnut,good/008.png,good,0,0,0.23108
patchcore,hazelnut,good/009.png,good,0,0,0.23968
patchcore,hazelnut,good/013.png,good,0,0,0.311606
patchcore,hazelnut,good/014.png,good,0,0,0.253199
patchcore,hazelnut,good/015.png,good,0,0,0.160638
patchcore,hazelnut,good/017.png,good,0,0,0.241715
patchcore,hazelnut,good/018.png,good,0,0,0.203829
patchcore,hazelnut,good/022.png,good,0,0,0.177701
patchcore,hazelnut,good/023.png,good,0,0,0.217131
patchcore,hazelnut,good/027.png,good,0,0,0.280598
patchcore,hazelnut,good/029.png,good,0,0,0.182222
patchcore,hazelnut,good/032.png,good,0,0,0.274619
patchcore,hazelnut,good/035.png,good,0,0,0.128533
patchcore,hazelnut,good/037.png,good,0,0,0.304835
patchcore,hazelnut,good/038.png,good,0,0,0.169882
patchcore,hazelnut,hole/002.png,hole,1,1,1.0
patchcore,hazelnut,hole/003.png,hole,1,1,1.0
patchcore,hazelnut,hole/006.png,hole,1,1,0.921353
patchcore,hazelnut,hole/007.png,hole,1,1,1.0
patchcore,hazelnut,hole/008.png,hole,1,1,0.788626
patchcore,hazelnut,hole/015.png,hole,1,1,0.828224
patchcore,hazelnut,hole/016.png,hole,1,1,0.588165
patchcore,hazelnut,print/002.png,print,1,1,1.0
patchcore,hazelnut,print/003.png,print,1,1,0.845039
patchcore,hazelnut,print/005.png,print,1,1,0.887671
patchcore,hazelnut,print/006.png,print,1,1,1.0
patchcore,hazelnut,print/008.png,print,1,1,1.0
patchcore,hazelnut,print/010.png,print,1,1,1.0
patchcore,hazelnut,print/011.png,print,1,1,0.960503
patchcore,hazelnut,print/012.png,print,1,1,1.0
patchcore,hazelnut,print/013.png,print,1,1,0.859816
patchcore,hazelnut,print/015.png,print,1,1,0.609183
patchcore,hazelnut,print/016.png,print,1,1,0.919975
patchcore,leather,color/001.png,color,1,1,0.937021
patchcore,leather,color/002.png,color,1,1,0.735884
patchcore,leather,color/003.png,color,1,1,0.771408
patchcore,leather,color/004.png,color,1,1,0.568746
patchcore,leather,color/005.png,color,1,1,0.68066
patchcore,leather,color/006.png,color,1,1,0.64801
patchcore,leather,color/008.png,color,1,1,0.822636
patchcore,leather,color/011.png,color,1,1,0.842767
patchcore,leather,color/014.png,color,1,1,0.717018
patchcore,leather,color/017.png,color,1,1,0.733898
patchcore,leather,color/018.png,color,1,1,0.729553
patchcore,leather,cut/003.png,cut,1,1,0.996698
patchcore,leather,cut/004.png,cut,1,1,0.958305
patchcore,leather,cut/005.png,cut,1,1,0.733336
patchcore,leather,cut/006.png,cut,1,1,0.796134
patchcore,leather,cut/008.png,cut,1,1,0.798013
patchcore,leather,cut/009.png,cut,1,1,0.598382
patchcore,leather,cut/010.png,cut,1,1,0.607368
patchcore,leather,cut/011.png,cut,1,1,0.641109
patchcore,leather,cut/012.png,cut,1,1,0.790281
patchcore,leather,cut/014.png,cut,1,1,0.594911
patchcore,leather,cut/018.png,cut,1,1,1.0
patchcore,leather,fold/001.png,fold,1,1,0.753964
patchcore,leather,fold/004.png,fold,1,1,0.838681
patchcore,leather,fold/009.png,fold,1,1,0.723414
patchcore,leather,fold/011.png,fold,1,1,0.818414
patchcore,leather,fold/015.png,fold,1,1,0.834967
patchcore,leather,fold/016.png,fold,1,1,0.811653
patchcore,leather,glue/001.png,glue,1,1,0.885588
patchcore,leather,glue/004.png,glue,1,1,0.580337
patchcore,leather,glue/007.png,glue,1,1,1.0
patchcore,leather,glue/008.png,glue,1,1,1.0
patchcore,leather,glue/009.png,glue,1,1,0.753636
patchcore,leather,glue/011.png,glue,1,1,0.916861
patchcore,leather,glue/014.png,glue,1,1,1.0
patchcore,leather,glue/016.png,glue,1,1,0.758157
patchcore,leather,good/002.png,good,0,0,0.266341
patchcore,leather,good/004.png,good,0,0,0.283057
patchcore,leather,good/006.png,good,0,0,0.290286
patchcore,leather,good/007.png,good,0,0,0.284493
patchcore,leather,good/008.png,good,0,0,0.295269
patchcore,leather,good/010.png,good,0,0,0.28019
patchcore,leather,good/013.png,good,0,0,0.310241
patchcore,leather,good/016.png,good,0,0,0.28668
patchcore,leather,good/018.png,good,0,0,0.25966
patchcore,leather,good/021.png,good,0,0,0.325099
patchcore,leather,good/022.png,good,0,0,0.28666
patchcore,leather,good/023.png,good,0,0,0.271449
patchcore,leather,good/024.png,good,0,0,0.309328
patchcore,leather,good/028.png,good,0,0,0.305657
patchcore,leather,good/030.png,good,0,0,0.327802
patchcore,leather,good/031.png,good,0,0,0.32505
patchcore,leather,poke/000.png,poke,1,1,0.796919
patchcore,leather,poke/004.png,poke,1,1,0.833193
patchcore,leather,poke/005.png,poke,1,1,0.917977
patchcore,leather,poke/007.png,poke,1,1,0.898268
patchcore,leather,poke/009.png,poke,1,1,0.894884
patchcore,leather,poke/011.png,poke,1,1,0.884573
patchcore,leather,poke/012.png,poke,1,1,0.903802
patchcore,leather,poke/013.png,poke,1,1,0.887245
patchcore,leather,poke/015.png,poke,1,1,0.76768
patchcore,leather,poke/017.png,poke,1,1,0.854003
patchcore,metal_nut,bent/000.png,bent,1,1,0.98336
patchcore,metal_nut,bent/003.png,bent,1,1,1.0
patchcore,metal_nut,bent/004.png,bent,1,1,0.992018
patchcore,metal_nut,bent/007.png,bent,1,0,0.471009
patchcore,metal_nut,bent/008.png,bent,1,1,0.941909
patchcore,metal_nut,bent/010.png,bent,1,1,1.0
patchcore,metal_nut,bent/013.png,bent,1,1,0.919424
patchcore,metal_nut,bent/017.png,bent,1,1,1.0
patchcore,metal_nut,bent/018.png,bent,1,1,0.905078
patchcore,metal_nut,bent/020.png,bent,1,1,1.0
patchcore,metal_nut,bent/024.png,bent,1,1,1.0
patchcore,metal_nut,color/003.png,color,1,1,1.0
patchcore,metal_nut,color/004.png,color,1,0,0.374653
patchcore,metal_nut,color/006.png,color,1,1,0.975997
patchcore,metal_nut,color/008.png,color,1,1,0.895902
patchcore,metal_nut,color/009.png,color,1,1,0.973494
patchcore,metal_nut,color/011.png,color,1,1,1.0
patchcore,metal_nut,color/012.png,color,1,1,0.75816
patchcore,metal_nut,color/014.png,color,1,1,1.0
patchcore,metal_nut,color/018.png,color,1,1,0.543953
patchcore,metal_nut,color/019.png,color,1,1,0.665317
patchcore,metal_nut,color/020.png,color,1,1,0.907414
patchcore,metal_nut,color/021.png,color,1,1,0.734118
patchcore,metal_nut,flip/001.png,flip,1,1,1.0
patchcore,metal_nut,flip/004.png,flip,1,1,1.0
patchcore,metal_nut,flip/006.png,flip,1,1,1.0
patchcore,metal_nut,flip/007.png,flip,1,1,1.0
patchcore,metal_nut,flip/008.png,flip,1,1,1.0
patchcore,metal_nut,flip/009.png,flip,1,1,1.0
patchcore,metal_nut,flip/012.png,flip,1,1,1.0
patchcore,metal_nut,flip/013.png,flip,1,1,1.0
patchcore,metal_nut,flip/014.png,flip,1,1,1.0
patchcore,metal_nut,flip/015.png,flip,1,1,1.0
patchcore,metal_nut,flip/017.png,flip,1,1,0.992813
patchcore,metal_nut,flip/018.png,flip,1,1,1.0
patchcore,metal_nut,flip/020.png,flip,1,1,0.96357
patchcore,metal_nut,good/002.png,good,0,0,0.339551
patchcore,metal_nut,good/003.png,good,0,0,0.183453
patchcore,metal_nut,good/004.png,good,0,0,0.173771
patchcore,metal_nut,good/006.png,good,0,0,0.262243
patchcore,metal_nut,good/008.png,good,0,0,0.323491
patchcore,metal_nut,good/011.png,good,0,0,0.397363
patchcore,metal_nut,good/016.png,good,0,0,0.470552
patchcore,metal_nut,good/017.png,good,0,0,0.329917
patchcore,metal_nut,good/018.png,good,0,0,0.145343
patchcore,metal_nut,good/020.png,good,0,0,0.225772
patchcore,metal_nut,good/021.png,good,0,0,0.275849
patchcore,metal_nut,scratch/007.png,scratch,1,1,1.0
patchcore,metal_nut,scratch/008.png,scratch,1,1,1.0
patchcore,metal_nut,scratch/011.png,scratch,1,1,0.933016
patchcore,metal_nut,scratch/012.png,scratch,1,1,0.794599
patchcore,metal_nut,scratch/014.png,scratch,1,1,0.824255
patchcore,metal_nut,scratch/015.png,scratch,1,1,0.933534
patchcore,metal_nut,scratch/016.png,scratch,1,1,0.796516
patchcore,metal_nut,scratch/017.png,scratch,1,1,0.853915
patchcore,metal_nut,scratch/018.png,scratch,1,1,0.986856
patchcore,metal_nut,scratch/021.png,scratch,1,1,0.663444
patchcore,metal_nut,scratch/022.png,scratch,1,1,0.565894
patchcore,pill,color/004.png,color,1,1,0.87119
patchcore,pill,color/005.png,color,1,0,0.444112
patchcore,pill,color/006.png,color,1,1,0.879272
patchcore,pill,color/009.png,color,1,1,0.610543
patchcore,pill,color/010.png,color,1,0,0.363477
patchcore,pill,color/016.png,color,1,1,0.820587
patchcore,pill,color/018.png,color,1,1,0.766905
patchcore,pill,color/019.png,color,1,1,0.891838
patchcore,pill,color/020.png,color,1,1,0.713493
patchcore,pill,combined/000.png,combined,1,1,0.634008
patchcore,pill,combined/003.png,combined,1,1,1.0
patchcore,pill,combined/004.png,combined,1,1,0.752437
patchcore,pill,combined/005.png,combined,1,1,0.589344
patchcore,pill,combined/007.png,combined,1,1,0.525124
patchcore,pill,combined/008.png,combined,1,1,0.88477
patchcore,pill,combined/010.png,combined,1,1,0.799036
patchcore,pill,combined/011.png,combined,1,1,0.92027
patchcore,pill,combined/014.png,combined,1,1,1.0
patchcore,pill,combined/015.png,combined,1,1,0.698847
patchcore,pill,contamination/004.png,contamination,1,1,0.611644
patchcore,pill,contamination/008.png,contamination,1,1,0.752392
patchcore,pill,contamination/010.png,contamination,1,1,0.697845
patchcore,pill,contamination/014.png,contamination,1,1,0.838149
patchcore,pill,contamination/017.png,contamination,1,1,0.91551
patchcore,pill,contamination/018.png,contamination,1,1,1.0
patchcore,pill,contamination/020.png,contamination,1,0,0.456125
patchcore,pill,crack/000.png,crack,1,1,0.558851
patchcore,pill,crack/002.png,crack,1,1,0.659302
patchcore,pill,crack/006.png,crack,1,1,0.70231
patchcore,pill,crack/009.png,crack,1,1,0.630105
patchcore,pill,crack/010.png,crack,1,1,0.54445
patchcore,pill,crack/013.png,crack,1,0,0.477958
patchcore,pill,crack/014.png,crack,1,0,0.387764
patchcore,pill,crack/015.png,crack,1,1,0.588695
patchcore,pill,crack/016.png,crack,1,0,0.390597
patchcore,pill,crack/018.png,crack,1,1,0.865674
patchcore,pill,crack/019.png,crack,1,1,0.699646
patchcore,pill,crack/023.png,crack,1,1,0.700736
patchcore,pill,crack/024.png,crack,1,0,0.376953
patchcore,pill,faulty_imprint/002.png,faulty_imprint,1,1,0.745411
patchcore,pill,faulty_imprint/004.png,faulty_imprint,1,1,0.589096
patchcore,pill,faulty_imprint/009.png,faulty_imprint,1,1,0.651759
patchcore,pill,faulty_imprint/011.png,faulty_imprint,1,1,0.696137
patchcore,pill,faulty_imprint/014.png,faulty_imprint,1,1,0.633535
patchcore,pill,faulty_imprint/015.png,faulty_imprint,1,1,0.680833
patchcore,pill,good/000.png,good,0,0,0.336265
patchcore,pill,good/001.png,good,0,0,0.388838
patchcore,pill,good/002.png,good,0,0,0.39392
patchcore,pill,good/004.png,good,0,0,0.264129
patchcore,pill,good/006.png,good,0,0,0.380066
patchcore,pill,good/007.png,good,0,1,0.613383
patchcore,pill,good/008.png,good,0,0,0.448094
patchcore,pill,good/012.png,good,0,0,0.442355
patchcore,pill,good/013.png,good,0,0,0.455088
patchcore,pill,good/015.png,good,0,0,0.362777
patchcore,pill,good/018.png,good,0,0,0.368307
patchcore,pill,good/022.png,good,0,0,0.346101
patchcore,pill,good/024.png,good,0,0,0.441414
patchcore,pill,pill_type/000.png,pill_type,1,1,0.979684
patchcore,pill,pill_type/001.png,pill_type,1,1,1.0
patchcore,pill,pill_type/002.png,pill_type,1,1,0.936411
patchcore,pill,pill_type/003.png,pill_type,1,1,1.0
patchcore,pill,pill_type/004.png,pill_type,1,1,0.881157
patchcore,pill,pill_type/006.png,pill_type,1,1,1.0
patchcore,pill,scratch/001.png,scratch,1,1,0.604755
patchcore,pill,scratch/002.png,scratch,1,1,0.700001
patchcore,pill,scratch/004.png,scratch,1,1,0.625203
patchcore,pill,scratch/005.png,scratch,1,0,0.484713
patchcore,pill,scratch/006.png,scratch,1,1,0.683245
patchcore,pill,scratch/007.png,scratch,1,0,0.498175
patchcore,pill,scratch/008.png,scratch,1,1,0.545872
patchcore,pill,scratch/009.png,scratch,1,1,0.764509
patchcore,pill,scratch/010.png,scratch,1,1,0.887593
patchcore,pill,scratch/012.png,scratch,1,1,0.68294
patchcore,pill,scratch/013.png,scratch,1,1,0.808203
patchcore,pill,scratch/014.png,scratch,1,1,0.729776
patchcore,pill,scratch/015.png,scratch,1,1,0.727339
patchcore,pill,scratch/016.png,scratch,1,1,0.733076
patchcore,pill,scratch/017.png,scratch,1,1,0.63344
patchcore,pill,scratch/019.png,scratch,1,1,0.742187
patchcore,pill,scratch/020.png,scratch,1,1,0.728866
patchcore,pill,scratch/021.png,scratch,1,1,1.0
patchcore,pill,scratch/022.png,scratch,1,0,0.499346
patchcore,pill,scratch/023.png,scratch,1,1,0.615156
patchcore,screw,good/000.png,good,0,0,0.457448
patchcore,screw,good/002.png,good,0,0,0.403798
patchcore,screw,good/007.png,good,0,0,0.372858
patchcore,screw,good/010.png,good,0,0,0.373909
patchcore,screw,good/011.png,good,0,0,0.459047
patchcore,screw,good/013.png,good,0,0,0.460856
patchcore,screw,good/015.png,good,0,0,0.477501
patchcore,screw,good/016.png,good,0,0,0.362968
patchcore,screw,good/017.png,good,0,0,0.331608
patchcore,screw,good/021.png,good,0,0,0.389759
patchcore,screw,good/024.png,good,0,0,0.4524
patchcore,screw,good/027.png,good,0,1,0.506316
patchcore,screw,good/028.png,good,0,0,0.306277
patchcore,screw,good/029.png,good,0,0,0.384768
patchcore,screw,good/030.png,good,0,0,0.426928
patchcore,screw,good/031.png,good,0,0,0.479844
patchcore,screw,good/032.png,good,0,0,0.397199
patchcore,screw,good/034.png,good,0,0,0.362029
patchcore,screw,good/035.png,good,0,1,0.697561
patchcore,screw,good/037.png,good,0,0,0.39312
patchcore,screw,good/039.png,good,0,0,0.380373
patchcore,screw,manipulated_front/004.png,manipulated_front,1,1,0.877742
patchcore,screw,manipulated_front/009.png,manipulated_front,1,1,0.662596
patchcore,screw,manipulated_front/010.png,manipulated_front,1,1,0.740312
patchcore,screw,manipulated_front/011.png,manipulated_front,1,1,0.690725
patchcore,screw,manipulated_front/012.png,manipulated_front,1,1,0.535366
patchcore,screw,manipulated_front/013.png,manipulated_front,1,1,0.779235
patchcore,screw,manipulated_front/015.png,manipulated_front,1,1,0.821707
patchcore,screw,manipulated_front/016.png,manipulated_front,1,1,0.935442
patchcore,screw,manipulated_front/020.png,manipulated_front,1,1,0.55195
patchcore,screw,manipulated_front/022.png,manipulated_front,1,1,0.591569
patchcore,screw,scratch_head/001.png,scratch_head,1,1,0.752028
patchcore,screw,scratch_head/007.png,scratch_head,1,1,0.693119
patchcore,screw,scratch_head/009.png,scratch_head,1,1,0.804248
patchcore,screw,scratch_head/012.png,scratch_head,1,1,0.894902
patchcore,screw,scratch_head/014.png,scratch_head,1,1,0.534841
patchcore,screw,scratch_head/015.png,scratch_head,1,1,1.0
patchcore,screw,scratch_head/016.png,scratch_head,1,1,0.714792
patchcore,screw,scratch_head/018.png,scratch_head,1,1,0.688462
patchcore,screw,scratch_head/020.png,scratch_head,1,1,0.736256
patchcore,screw,scratch_head/022.png,scratch_head,1,0,0.470734
patchcore,screw,scratch_head/023.png,scratch_head,1,1,0.724173
patchcore,screw,scratch_neck/000.png,scratch_neck,1,1,0.639293
patchcore,screw,scratch_neck/001.png,scratch_neck,1,1,1.0
patchcore,screw,scratch_neck/002.png,scratch_neck,1,1,0.618647
patchcore,screw,scratch_neck/005.png,scratch_neck,1,1,0.616997
patchcore,screw,scratch_neck/009.png,scratch_neck,1,1,1.0
patchcore,screw,scratch_neck/010.png,scratch_neck,1,1,0.975533
patchcore,screw,scratch_neck/011.png,scratch_neck,1,1,0.716987
patchcore,screw,scratch_neck/012.png,scratch_neck,1,1,0.705418
patchcore,screw,scratch_neck/015.png,scratch_neck,1,1,1.0
patchcore,screw,scratch_neck/016.png,scratch_neck,1,1,1.0
patchcore,screw,scratch_neck/019.png,scratch_neck,1,1,0.99214
patchcore,screw,scratch_neck/020.png,scratch_neck,1,1,1.0
patchcore,screw,scratch_neck/021.png,scratch_neck,1,1,0.666639
patchcore,screw,scratch_neck/024.png,scratch_neck,1,1,1.0
patchcore,screw,thread_side/000.png,thread_side,1,1,0.504586
patchcore,screw,thread_side/002.png,thread_side,1,1,0.692639
patchcore,screw,thread_side/003.png,thread_side,1,1,0.550992
patchcore,screw,thread_side/005.png,thread_side,1,1,0.77358
patchcore,screw,thread_side/011.png,thread_side,1,1,0.850365
patchcore,screw,thread_side/013.png,thread_side,1,1,0.527128
patchcore,screw,thread_side/014.png,thread_side,1,1,0.73944
patchcore,screw,thread_side/015.png,thread_side,1,1,0.563755
patchcore,screw,thread_side/016.png,thread_side,1,1,0.575616
patchcore,screw,thread_side/017.png,thread_side,1,1,0.868246
patchcore,screw,thread_side/020.png,thread_side,1,1,0.53965
patchcore,screw,thread_side/021.png,thread_side,1,1,0.690174
patchcore,screw,thread_top/000.png,thread_top,1,1,1.0
patchcore,screw,thread_top/001.png,thread_top,1,1,0.82436
patchcore,screw,thread_top/003.png,thread_top,1,0,0.483061
patchcore,screw,thread_top/005.png,thread_top,1,1,0.887124
patchcore,screw,thread_top/006.png,thread_top,1,1,0.806453
patchcore,screw,thread_top/007.png,thread_top,1,1,1.0
patchcore,screw,thread_top/008.png,thread_top,1,1,0.627133
patchcore,screw,thread_top/009.png,thread_top,1,1,0.870467
patchcore,screw,thread_top/010.png,thread_top,1,1,0.806069
patchcore,screw,thread_top/011.png,thread_top,1,1,0.961824
patchcore,screw,thread_top/013.png,thread_top,1,1,0.893773
patchcore,screw,thread_top/015.png,thread_top,1,1,0.686537
patchcore,screw,thread_top/019.png,thread_top,1,1,1.0
patchcore,tile,crack/001.png,crack,1,1,1.0
patchcore,tile,crack/002.png,crack,1,1,1.0
patchcore,tile,crack/008.png,crack,1,1,0.92357
patchcore,tile,crack/009.png,crack,1,1,1.0
patchcore,tile,crack/013.png,crack,1,1,0.944061
patchcore,tile,crack/015.png,crack,1,1,0.707767
patchcore,tile,glue_strip/008.png,glue_strip,1,1,0.882681
patchcore,tile,glue_strip/009.png,glue_strip,1,1,1.0
patchcore,tile,glue_strip/011.png,glue_strip,1,1,0.95036
patchcore,tile,glue_strip/013.png,glue_strip,1,1,0.98073
patchcore,tile,glue_strip/015.png,glue_strip,1,1,0.952049
patchcore,tile,glue_strip/016.png,glue_strip,1,1,1.0
patchcore,tile,good/001.png,good,0,0,0.287392
patchcore,tile,good/003.png,good,0,0,0.274946
patchcore,tile,good/005.png,good,0,0,0.294217
patchcore,tile,good/006.png,good,0,0,0.309366
patchcore,tile,good/007.png,good,0,0,0.340509
patchcore,tile,good/008.png,good,0,0,0.306566
patchcore,tile,good/010.png,good,0,0,0.274702
patchcore,tile,good/013.png,good,0,0,0.279343
patchcore,tile,good/017.png,good,0,0,0.367658
patchcore,tile,good/019.png,good,0,0,0.276021
patchcore,tile,good/020.png,good,0,0,0.324234
patchcore,tile,good/021.png,good,0,0,0.253812
patchcore,tile,good/026.png,good,0,0,0.299953
patchcore,tile,good/027.png,good,0,0,0.305897
patchcore,tile,good/030.png,good,0,0,0.346799
patchcore,tile,good/031.png,good,0,0,0.337602
patchcore,tile,good/032.png,good,0,0,0.249902
patchcore,tile,gray_stroke/001.png,gray_stroke,1,1,0.661645
patchcore,tile,gray_stroke/003.png,gray_stroke,1,0,0.469867
patchcore,tile,gray_stroke/005.png,gray_stroke,1,0,0.465709
patchcore,tile,gray_stroke/006.png,gray_stroke,1,1,0.672408
patchcore,tile,gray_stroke/007.png,gray_stroke,1,1,0.657236
patchcore,tile,gray_stroke/009.png,gray_stroke,1,1,0.565765
patchcore,tile,gray_stroke/010.png,gray_stroke,1,1,0.597464
patchcore,tile,gray_stroke/012.png,gray_stroke,1,0,0.399972
patchcore,tile,gray_stroke/014.png,gray_stroke,1,1,0.645779
patchcore,tile,gray_stroke/015.png,gray_stroke,1,1,0.693678
patchcore,tile,oil/000.png,oil,1,1,0.690874
patchcore,tile,oil/003.png,oil,1,1,0.783323
patchcore,tile,oil/005.png,oil,1,1,0.721671
patchcore,tile,oil/006.png,oil,1,1,0.657299
patchcore,tile,oil/010.png,oil,1,1,0.733913
patchcore,tile,oil/011.png,oil,1,1,0.739232
patchcore,tile,oil/012.png,oil,1,1,0.697129
patchcore,tile,oil/013.png,oil,1,1,0.689423
patchcore,tile,oil/015.png,oil,1,1,0.741134
patchcore,tile,oil/016.png,oil,1,1,0.720976
patchcore,tile,oil/017.png,oil,1,1,0.617613
patchcore,tile,rough/000.png,rough,1,0,0.498092
patchcore,tile,rough/001.png,rough,1,1,0.677465
patchcore,tile,rough/002.png,rough,1,1,0.558147
patchcore,tile,rough/004.png,rough,1,1,0.523275
patchcore,tile,rough/006.png,rough,1,1,0.550445
patchcore,tile,rough/008.png,rough,1,1,0.628139
patchcore,tile,rough/009.png,rough,1,1,0.61867
patchcore,tile,rough/010.png,rough,1,1,0.573403
patchcore,tile,rough/014.png,rough,1,1,0.572867
patchcore,toothbrush,defective/000.png,defective,1,1,1.0
patchcore,toothbrush,defective/006.png,defective,1,1,0.692959
patchcore,toothbrush,defective/007.png,defective,1,1,0.507979
patchcore,toothbrush,defective/008.png,defective,1,1,1.0
patchcore,toothbrush,defective/010.png,defective,1,1,1.0
patchcore,toothbrush,defective/012.png,defective,1,1,1.0
patchcore,toothbrush,defective/015.png,defective,1,1,1.0
patchcore,toothbrush,defective/016.png,defective,1,1,1.0
patchcore,toothbrush,defective/018.png,defective,1,0,0.47204
patchcore,toothbrush,defective/020.png,defective,1,1,0.80916
patchcore,toothbrush,defective/021.png,defective,1,1,0.708568
patchcore,toothbrush,defective/023.png,defective,1,1,1.0
patchcore,toothbrush,defective/025.png,defective,1,1,1.0
patchcore,toothbrush,defective/026.png,defective,1,1,1.0
patchcore,toothbrush,defective/028.png,defective,1,1,0.801039
patchcore,toothbrush,good/000.png,good,0,0,0.390435
patchcore,toothbrush,good/001.png,good,0,0,0.369572
patchcore,toothbrush,good/002.png,good,0,0,0.383386
patchcore,toothbrush,good/006.png,good,0,1,0.729834
patchcore,toothbrush,good/007.png,good,0,1,0.77784
patchcore,toothbrush,good/008.png,good,0,0,0.347745
patchcore,transistor,bent_lead/000.png,bent_lead,1,1,1.0
patchcore,transistor,bent_lead/002.png,bent_lead,1,1,0.794302
patchcore,transistor,bent_lead/003.png,bent_lead,1,1,0.810445
patchcore,transistor,bent_lead/004.png,bent_lead,1,1,1.0
patchcore,transistor,bent_lead/007.png,bent_lead,1,1,1.0
patchcore,transistor,bent_lead/008.png,bent_lead,1,1,0.895703
patchcore,transistor,bent_lead/009.png,bent_lead,1,1,1.0
patchcore,transistor,cut_lead/003.png,cut_lead,1,1,0.90802
patchcore,transistor,cut_lead/004.png,cut_lead,1,1,0.907276
patchcore,transistor,cut_lead/005.png,cut_lead,1,1,1.0
patchcore,transistor,cut_lead/007.png,cut_lead,1,1,0.810467
patchcore,transistor,cut_lead/008.png,cut_lead,1,1,0.865173
patchcore,transistor,damaged_case/002.png,damaged_case,1,1,0.74929
patchcore,transistor,damaged_case/003.png,damaged_case,1,1,0.8563
patchcore,transistor,damaged_case/007.png,damaged_case,1,1,0.797808
patchcore,transistor,damaged_case/009.png,damaged_case,1,1,1.0
patchcore,transistor,good/001.png,good,0,0,0.342276
patchcore,transistor,good/010.png,good,0,0,0.391711
patchcore,transistor,good/015.png,good,0,0,0.40722
patchcore,transistor,good/016.png,good,0,0,0.267706
patchcore,transistor,good/022.png,good,0,0,0.360294
patchcore,transistor,good/024.png,good,0,0,0.366635
patchcore,transistor,good/026.png,good,0,0,0.354957
patchcore,transistor,good/027.png,good,0,0,0.303091
patchcore,transistor,good/028.png,good,0,0,0.381752
patchcore,transistor,good/030.png,good,0,0,0.318656
patchcore,transistor,good/031.png,good,0,0,0.443541
patchcore,transistor,good/032.png,good,0,0,0.457071
patchcore,transistor,good/033.png,good,0,0,0.309176
patchcore,transistor,good/035.png,good,0,0,0.315
patchcore,transistor,good/037.png,good,0,0,0.486633
patchcore,transistor,good/038.png,good,0,0,0.368969
patchcore,transistor,good/040.png,good,0,0,0.290751
patchcore,transistor,good/041.png,good,0,0,0.289852
patchcore,transistor,good/042.png,good,0,0,0.435214
patchcore,transistor,good/047.png,good,0,0,0.246984
patchcore,transistor,good/048.png,good,0,0,0.29169
patchcore,transistor,good/049.png,good,0,0,0.227155
patchcore,transistor,good/050.png,good,0,0,0.165173
patchcore,transistor,good/051.png,good,0,0,0.269043
patchcore,transistor,good/052.png,good,0,0,0.458839
patchcore,transistor,good/053.png,good,0,0,0.381632
patchcore,transistor,good/055.png,good,0,0,0.485859
patchcore,transistor,good/057.png,good,0,0,0.303748
patchcore,transistor,good/058.png,good,0,0,0.431196
patchcore,transistor,good/059.png,good,0,0,0.38818
patchcore,transistor,misplaced/002.png,misplaced,1,0,0.425822
patchcore,transistor,misplaced/005.png,misplaced,1,1,1.0
patchcore,transistor,misplaced/007.png,misplaced,1,1,1.0
patchcore,transistor,misplaced/008.png,misplaced,1,1,1.0
patchcore,wood,color/001.png,color,1,1,0.793546
patchcore,wood,combined/002.png,combined,1,1,0.853857
patchcore,wood,combined/007.png,combined,1,1,1.0
patchcore,wood,combined/008.png,combined,1,1,1.0
patchcore,wood,good/000.png,good,0,0,0.287082
patchcore,wood,good/001.png,good,0,0,0.26312
patchcore,wood,good/006.png,good,0,0,0.259265
patchcore,wood,good/008.png,good,0,0,0.410294
patchcore,wood,good/010.png,good,0,0,0.351281
patchcore,wood,good/012.png,good,0,0,0.329927
patchcore,wood,good/013.png,good,0,0,0.312435
patchcore,wood,good/015.png,good,0,0,0.391788
patchcore,wood,good/016.png,good,0,1,0.514744
patchcore,wood,good/017.png,good,0,1,0.513622
patchcore,wood,hole/003.png,hole,1,1,0.886136
patchcore,wood,hole/005.png,hole,1,0,0.440313
patchcore,wood,hole/007.png,hole,1,1,0.952093
patchcore,wood,hole/008.png,hole,1,1,0.891361
patchcore,wood,hole/009.png,hole,1,1,1.0
patchcore,wood,liquid/001.png,liquid,1,1,1.0
patchcore,wood,liquid/002.png,liquid,1,1,0.913761
patchcore,wood,liquid/003.png,liquid,1,1,0.922532
patchcore,wood,liquid/004.png,liquid,1,1,1.0
patchcore,wood,liquid/006.png,liquid,1,1,0.710388
patchcore,wood,liquid/008.png,liquid,1,1,0.995572
patchcore,wood,liquid/009.png,liquid,1,1,1.0
patchcore,wood,scratch/001.png,scratch,1,0,0.365667
patchcore,wood,scratch/002.png,scratch,1,1,0.82005
patchcore,wood,scratch/003.png,scratch,1,1,0.855011
patchcore,wood,scratch/008.png,scratch,1,1,1.0
patchcore,wood,scratch/009.png,scratch,1,1,0.939534
patchcore,wood,scratch/010.png,scratch,1,1,0.8484
patchcore,wood,scratch/011.png,scratch,1,1,0.734616
patchcore,wood,scratch/012.png,scratch,1,1,0.654138
patchcore,wood,scratch/013.png,scratch,1,1,0.874599
patchcore,wood,scratch/014.png,scratch,1,1,0.869263
patchcore,wood,scratch/016.png,scratch,1,1,0.694821
patchcore,wood,scratch/018.png,scratch,1,1,0.751487
patchcore,wood,scratch/019.png,scratch,1,1,0.814686
patchcore,wood,scratch/020.png,scratch,1,1,0.828572
patchcore,zipper,broken_teeth/004.png,broken_teeth,1,1,0.65265
patchcore,zipper,broken_teeth/009.png,broken_teeth,1,1,0.559349
patchcore,zipper,broken_teeth/010.png,broken_teeth,1,1,0.810465
patchcore,zipper,broken_teeth/011.png,broken_teeth,1,1,0.793803
patchcore,zipper,broken_teeth/012.png,broken_teeth,1,1,0.551336
patchcore,zipper,broken_teeth/013.png,broken_teeth,1,1,0.928685
patchcore,zipper,broken_teeth/015.png,broken_teeth,1,1,0.505997
patchcore,zipper,broken_teeth/016.png,broken_teeth,1,1,0.652945
patchcore,zipper,combined/001.png,combined,1,1,0.705716
patchcore,zipper,combined/003.png,combined,1,1,1.0
patchcore,zipper,combined/006.png,combined,1,1,1.0
patchcore,zipper,combined/012.png,combined,1,1,0.863455
patchcore,zipper,combined/014.png,combined,1,1,0.737302
patchcore,zipper,fabric_border/001.png,fabric_border,1,1,1.0
patchcore,zipper,fabric_border/003.png,fabric_border,1,1,1.0
patchcore,zipper,fabric_border/004.png,fabric_border,1,1,1.0
patchcore,zipper,fabric_border/005.png,fabric_border,1,1,1.0
patchcore,zipper,fabric_border/007.png,fabric_border,1,1,1.0
patchcore,zipper,fabric_border/009.png,fabric_border,1,1,1.0
patchcore,zipper,fabric_border/011.png,fabric_border,1,1,1.0
patchcore,zipper,fabric_border/012.png,fabric_border,1,1,1.0
patchcore,zipper,fabric_border/013.png,fabric_border,1,1,1.0
patchcore,zipper,fabric_border/014.png,fabric_border,1,1,1.0
patchcore,zipper,fabric_border/015.png,fabric_border,1,1,1.0
patchcore,zipper,fabric_interior/001.png,fabric_interior,1,1,0.600964
patchcore,zipper,fabric_interior/005.png,fabric_interior,1,1,0.629633
patchcore,zipper,fabric_interior/006.png,fabric_interior,1,1,0.743926
patchcore,zipper,fabric_interior/007.png,fabric_interior,1,0,0.335029
patchcore,zipper,fabric_interior/008.png,fabric_interior,1,1,0.76483
patchcore,zipper,fabric_interior/011.png,fabric_interior,1,1,0.77385
patchcore,zipper,fabric_interior/012.png,fabric_interior,1,1,0.572425
patchcore,zipper,fabric_interior/015.png,fabric_interior,1,1,0.683414
patchcore,zipper,good/002.png,good,0,0,0.369961
patchcore,zipper,good/004.png,good,0,0,0.345644
patchcore,zipper,good/006.png,good,0,0,0.343079
patchcore,zipper,good/007.png,good,0,0,0.378987
patchcore,zipper,good/008.png,good,0,0,0.374069
patchcore,zipper,good/010.png,good,0,0,0.296274
patchcore,zipper,good/013.png,good,0,0,0.336692
patchcore,zipper,good/016.png,good,0,0,0.356728
patchcore,zipper,good/018.png,good,0,0,0.333505
patchcore,zipper,good/021.png,good,0,1,0.626155
patchcore,zipper,good/022.png,good,0,1,0.693346
patchcore,zipper,good/023.png,good,0,0,0.356701
patchcore,zipper,good/024.png,good,0,0,0.375389
patchcore,zipper,good/028.png,good,0,0,0.376576
patchcore,zipper,good/030.png,good,0,0,0.294055
patchcore,zipper,good/031.png,good,0,0,0.290156
patchcore,zipper,rough/000.png,rough,1,1,0.69334
patchcore,zipper,rough/001.png,rough,1,1,0.731306
patchcore,zipper,rough/004.png,rough,1,1,0.813083
patchcore,zipper,rough/005.png,rough,1,1,0.681896
patchcore,zipper,rough/007.png,rough,1,1,0.618767
patchcore,zipper,rough/008.png,rough,1,1,0.627836
patchcore,zipper,rough/010.png,rough,1,1,0.821222
patchcore,zipper,rough/016.png,rough,1,1,0.703853
patchcore,zipper,split_teeth/001.png,split_teeth,1,1,0.591901
patchcore,zipper,split_teeth/002.png,split_teeth,1,1,0.646364
patchcore,zipper,split_teeth/003.png,split_teeth,1,1,0.617027
patchcore,zipper,split_teeth/004.png,split_teeth,1,1,0.912305
patchcore,zipper,split_teeth/005.png,split_teeth,1,1,0.604714
patchcore,zipper,split_teeth/008.png,split_teeth,1,1,0.575671
patchcore,zipper,split_teeth/009.png,split_teeth,1,1,0.643025
patchcore,zipper,split_teeth/011.png,split_teeth,1,1,0.687522
patchcore,zipper,split_teeth/012.png,split_teeth,1,1,0.770261
patchcore,zipper,split_teeth/014.png,split_teeth,1,1,0.784703
patchcore,zipper,split_teeth/016.png,split_teeth,1,1,0.828313
patchcore,zipper,split_teeth/017.png,split_teeth,1,1,0.815686
patchcore,zipper,squeezed_teeth/000.png,squeezed_teeth,1,1,0.575427
patchcore,zipper,squeezed_teeth/001.png,squeezed_teeth,1,1,0.728906
patchcore,zipper,squeezed_teeth/002.png,squeezed_teeth,1,1,0.771888
patchcore,zipper,squeezed_teeth/003.png,squeezed_teeth,1,1,0.769071
patchcore,zipper,squeezed_teeth/004.png,squeezed_teeth,1,1,0.572886
patchcore,zipper,squeezed_teeth/006.png,squeezed_teeth,1,1,0.654693
patchcore,zipper,squeezed_teeth/008.png,squeezed_teeth,1,0,0.464709
patchcore,zipper,squeezed_teeth/012.png,squeezed_teeth,1,1,0.620175
